[
  {
    "name": "graphql.schema.GraphQLArgument",
    "allPublicMethods": true,
    "condition": {
      "typeReachable": "graphql.GraphQL"
    }
  },
  {
    "name": "graphql.schema.GraphQLDirective",
    "allPublicMethods": true,
    "condition": {
      "typeReachable": "graphql.GraphQL"
    }
  },
  {
    "name": "graphql.schema.GraphQLEnumValueDefinition",
    "allPublicMethods": true,
    "condition": {
      "typeReachable": "graphql.GraphQL"
    }
  },
  {
    "name": "graphql.schema.GraphQLFieldDefinition",
    "allPublicMethods": true,
    "condition": {
      "typeReachable": "graphql.GraphQL"
    }
  },
  {
    "name": "graphql.schema.GraphQLInputObjectField",
    "allPublicMethods": true,
    "condition": {
      "typeReachable": "graphql.GraphQL"
    }
  },
  {
    "name": "graphql.schema.GraphQLOutputType",
    "allPublicMethods": true,
    "condition": {
      "typeReachable": "graphql.GraphQL"
    }
  }
]
