[
  {
    "condition": {
      "typeReachable": "org.testcontainers.shaded.com.fasterxml.jackson.databind.ser.BeanSerializerFactory"
    },
    "name": "[Lcom.github.dockerjava.api.model.Capability;"
  },
  {
    "condition": {
      "typeReachable": "org.testcontainers.shaded.com.fasterxml.jackson.databind.ser.BeanSerializerFactory"
    },
    "name": "[Lcom.github.dockerjava.api.model.Device;"
  },
  {
    "condition": {
      "typeReachable": "org.testcontainers.shaded.com.fasterxml.jackson.databind.ser.BeanSerializerFactory"
    },
    "name": "[Lcom.github.dockerjava.api.model.LxcConf;"
  },
  {
    "condition": {
      "typeReachable": "org.testcontainers.shaded.com.fasterxml.jackson.databind.ser.BeanSerializerFactory"
    },
    "name": "[Lcom.github.dockerjava.api.model.Ulimit;"
  },
  {
    "condition": {
      "typeReachable": "org.testcontainers.shaded.com.fasterxml.jackson.databind.deser.std.ObjectArrayDeserializer"
    },
    "name": "[Lcom.github.dockerjava.api.model.VolumesFrom;"
  },
  {
    "condition": {
      "typeReachable": "org.testcontainers.shaded.com.fasterxml.jackson.databind.ser.BeanSerializerFactory"
    },
    "name": "[Lcom.github.dockerjava.api.model.VolumesFrom;"
  },
  {
    "condition": {
      "typeReachable": "org.testcontainers.shaded.com.fasterxml.jackson.databind.deser.std.StringArrayDeserializer"
    },
    "name": "[Ljava.lang.String;"
  },
  {
    "condition": {
      "typeReachable": "org.testcontainers.shaded.com.github.dockerjava.core.exec.InfoCmdExec"
    },
    "name": "[Ljava.lang.String;"
  },
  {
    "condition": {
      "typeReachable": "org.testcontainers.shaded.com.fasterxml.jackson.databind.util.ArrayBuilders"
    },
    "name": "[Lorg.testcontainers.shaded.com.fasterxml.jackson.databind.deser.BeanDeserializerModifier;"
  },
  {
    "condition": {
      "typeReachable": "org.testcontainers.shaded.com.google.common.collect.Platform"
    },
    "name": "[Lorg.testcontainers.shaded.com.google.common.collect.ImmutableMapEntry;"
  },
  {
    "condition": {
      "typeReachable": "org.testcontainers.shaded.com.github.dockerjava.core.DefaultInvocationBuilder"
    },
    "name": "com.github.dockerjava.api.command.AsyncDockerCmd",
    "queryAllDeclaredMethods": true
  },
  {
    "condition": {
      "typeReachable": "org.testcontainers.shaded.com.github.dockerjava.core.exec.CreateContainerCmdExec"
    },
    "name": "com.github.dockerjava.api.command.CreateContainerResponse",
    "methods": [
      {
        "name": "<init>",
        "parameterTypes": []
      },
      {
        "name": "setId",
        "parameterTypes": [
          "java.lang.String"
        ]
      },
      {
        "name": "setWarnings",
        "parameterTypes": [
          "java.lang.String[]"
        ]
      }
    ]
  },
  {
    "condition": {
      "typeReachable": "org.testcontainers.shaded.com.github.dockerjava.core.DefaultInvocationBuilder"
    },
    "name": "com.github.dockerjava.api.command.DockerCmd",
    "queryAllDeclaredMethods": true
  },
  {
    "condition": {
      "typeReachable": "org.testcontainers.shaded.com.github.dockerjava.core.exec.ExecCreateCmdExec"
    },
    "name": "com.github.dockerjava.api.command.DockerCmd",
    "queryAllDeclaredMethods": true
  },
  {
    "condition": {
      "typeReachable": "org.testcontainers.shaded.com.github.dockerjava.core.exec.ExecCreateCmdExec"
    },
    "name": "com.github.dockerjava.api.command.ExecCreateCmd",
    "queryAllDeclaredMethods": true
  },
  {
    "condition": {
      "typeReachable": "org.testcontainers.shaded.com.github.dockerjava.core.exec.ExecCreateCmdExec"
    },
    "name": "com.github.dockerjava.api.command.ExecCreateCmdResponse",
    "allDeclaredFields": true,
    "queryAllDeclaredMethods": true,
    "queryAllDeclaredConstructors": true,
    "methods": [
      {
        "name": "<init>",
        "parameterTypes": []
      }
    ]
  },
  {
    "condition": {
      "typeReachable": "org.testcontainers.shaded.com.github.dockerjava.core.DefaultInvocationBuilder"
    },
    "name": "com.github.dockerjava.api.command.ExecStartCmd",
    "queryAllDeclaredMethods": true
  },
  {
    "condition": {
      "typeReachable": "org.testcontainers.shaded.com.github.dockerjava.core.exec.InspectContainerCmdExec"
    },
    "name": "com.github.dockerjava.api.command.GraphDriver",
    "methods": [
      {
        "name": "<init>",
        "parameterTypes": []
      }
    ]
  },
  {
    "condition": {
      "typeReachable": "org.testcontainers.shaded.com.github.dockerjava.core.exec.InspectContainerCmdExec"
    },
    "name": "com.github.dockerjava.api.command.InspectContainerResponse",
    "methods": [
      {
        "name": "<init>",
        "parameterTypes": []
      }
    ]
  },
  {
    "condition": {
      "typeReachable": "org.testcontainers.shaded.com.github.dockerjava.core.exec.InspectContainerCmdExec"
    },
    "name": "com.github.dockerjava.api.command.InspectContainerResponse$ContainerState",
    "methods": [
      {
        "name": "<init>",
        "parameterTypes": [
          "com.github.dockerjava.api.command.InspectContainerResponse"
        ]
      }
    ]
  },
  {
    "condition": {
      "typeReachable": "org.testcontainers.shaded.com.github.dockerjava.core.exec.InspectExecCmdExec"
    },
    "name": "com.github.dockerjava.api.command.InspectExecResponse",
    "allDeclaredFields": true,
    "queryAllDeclaredMethods": true,
    "queryAllDeclaredConstructors": true,
    "methods": [
      {
        "name": "<init>",
        "parameterTypes": []
      }
    ]
  },
  {
    "condition": {
      "typeReachable": "org.testcontainers.shaded.com.github.dockerjava.core.exec.InspectExecCmdExec"
    },
    "name": "com.github.dockerjava.api.command.InspectExecResponse$Container",
    "allDeclaredFields": true,
    "queryAllDeclaredMethods": true,
    "queryAllDeclaredConstructors": true,
    "queryAllPublicConstructors": true
  },
  {
    "condition": {
      "typeReachable": "org.testcontainers.shaded.com.github.dockerjava.core.exec.InspectExecCmdExec"
    },
    "name": "com.github.dockerjava.api.command.InspectExecResponse$ProcessConfig",
    "allDeclaredFields": true,
    "queryAllDeclaredMethods": true,
    "queryAllDeclaredConstructors": true,
    "queryAllPublicConstructors": true,
    "methods": [
      {
        "name": "<init>",
        "parameterTypes": [
          "com.github.dockerjava.api.command.InspectExecResponse"
        ]
      }
    ]
  },
  {
    "condition": {
      "typeReachable": "org.testcontainers.shaded.com.github.dockerjava.core.exec.ExecCreateCmdExec"
    },
    "name": "com.github.dockerjava.api.command.SyncDockerCmd",
    "queryAllDeclaredMethods": true
  },
  {
    "condition": {
      "typeReachable": "org.testcontainers.shaded.com.fasterxml.jackson.databind.deser.std.StdValueInstantiator"
    },
    "name": "com.github.dockerjava.api.model.Binds",
    "methods": [
      {
        "name": "fromPrimitive",
        "parameterTypes": [
          "java.lang.String[]"
        ]
      }
    ]
  },
  {
    "condition": {
      "typeReachable": "org.testcontainers.shaded.com.github.dockerjava.core.exec.CreateContainerCmdExec"
    },
    "name": "com.github.dockerjava.api.model.Binds",
    "methods": [
      {
        "name": "toPrimitive",
        "parameterTypes": []
      }
    ]
  },
  {
    "condition": {
      "typeReachable": "org.testcontainers.shaded.com.github.dockerjava.core.exec.InfoCmdExec"
    },
    "name": "com.github.dockerjava.api.model.ClusterInfo",
    "allDeclaredFields": true,
    "queryAllDeclaredMethods": true,
    "queryAllDeclaredConstructors": true
  },
  {
    "condition": {
      "typeReachable": "org.testcontainers.shaded.com.github.dockerjava.core.exec.InspectContainerCmdExec"
    },
    "name": "com.github.dockerjava.api.model.ContainerConfig",
    "methods": [
      {
        "name": "<init>",
        "parameterTypes": []
      }
    ]
  },
  {
    "condition": {
      "typeReachable": "org.testcontainers.shaded.com.github.dockerjava.core.exec.InspectContainerCmdExec"
    },
    "name": "com.github.dockerjava.api.model.ContainerNetwork",
    "methods": [
      {
        "name": "<init>",
        "parameterTypes": []
      }
    ]
  },
  {
    "condition": {
      "typeReachable": "org.testcontainers.shaded.com.fasterxml.jackson.databind.deser.std.CollectionDeserializer"
    },
    "name": "com.github.dockerjava.api.model.DockerObject"
  },
  {
    "condition": {
      "typeReachable": "org.testcontainers.shaded.com.fasterxml.jackson.databind.deser.std.ObjectArrayDeserializer"
    },
    "name": "com.github.dockerjava.api.model.DockerObject"
  },
  {
    "condition": {
      "typeReachable": "org.testcontainers.shaded.com.fasterxml.jackson.databind.ser.AnyGetterWriter"
    },
    "name": "com.github.dockerjava.api.model.DockerObject",
    "methods": [
      {
        "name": "getRawValues",
        "parameterTypes": []
      }
    ]
  },
  {
    "condition": {
      "typeReachable": "org.testcontainers.shaded.com.github.dockerjava.core.exec.ExecCreateCmdExec"
    },
    "name": "com.github.dockerjava.api.model.DockerObject",
    "queryAllDeclaredMethods": true
  },
  {
    "condition": {
      "typeReachable": "org.testcontainers.shaded.com.github.dockerjava.core.exec.InfoCmdExec"
    },
    "name": "com.github.dockerjava.api.model.DockerObject",
    "queryAllDeclaredMethods": true
  },
  {
    "condition": {
      "typeReachable": "org.testcontainers.shaded.com.github.dockerjava.core.exec.InspectExecCmdExec"
    },
    "name": "com.github.dockerjava.api.model.DockerObject",
    "queryAllDeclaredMethods": true
  },
  {
    "condition": {
      "typeReachable": "org.testcontainers.shaded.com.github.dockerjava.core.exec.ListImagesCmdExec"
    },
    "name": "com.github.dockerjava.api.model.DockerObject",
    "queryAllDeclaredMethods": true
  },
  {
    "condition": {
      "typeReachable": "org.testcontainers.shaded.com.github.dockerjava.core.exec.VersionCmdExec"
    },
    "name": "com.github.dockerjava.api.model.DockerObject",
    "queryAllDeclaredMethods": true
  },
  {
    "condition": {
      "typeReachable": "org.testcontainers.shaded.com.github.dockerjava.core.exec.InfoCmdExec"
    },
    "name": "com.github.dockerjava.api.model.Driver",
    "allDeclaredFields": true,
    "queryAllDeclaredMethods": true,
    "queryAllDeclaredConstructors": true
  },
  {
    "condition": {
      "typeReachable": "org.testcontainers.shaded.com.fasterxml.jackson.databind.DeserializationContext"
    },
    "name": "com.github.dockerjava.api.model.ExposedPort"
  },
  {
    "condition": {
      "typeReachable": "org.testcontainers.shaded.com.fasterxml.jackson.databind.deser.BasicDeserializerFactory"
    },
    "name": "com.github.dockerjava.api.model.ExposedPort"
  },
  {
    "condition": {
      "typeReachable": "org.testcontainers.shaded.com.fasterxml.jackson.databind.deser.DeserializerCache"
    },
    "name": "com.github.dockerjava.api.model.ExposedPort"
  },
  {
    "condition": {
      "typeReachable": "org.testcontainers.shaded.com.fasterxml.jackson.databind.deser.std.StdKeyDeserializers"
    },
    "name": "com.github.dockerjava.api.model.ExposedPort"
  },
  {
    "condition": {
      "typeReachable": "org.testcontainers.shaded.com.fasterxml.jackson.databind.introspect.BasicBeanDescription"
    },
    "name": "com.github.dockerjava.api.model.ExposedPort"
  },
  {
    "condition": {
      "typeReachable": "org.testcontainers.shaded.com.fasterxml.jackson.databind.deser.BeanDeserializerBase"
    },
    "name": "com.github.dockerjava.api.model.ExposedPorts",
    "methods": [
      {
        "name": "fromPrimitive",
        "parameterTypes": [
          "java.util.Map"
        ]
      }
    ]
  },
  {
    "condition": {
      "typeReachable": "org.testcontainers.shaded.com.github.dockerjava.core.exec.CreateContainerCmdExec"
    },
    "name": "com.github.dockerjava.api.model.ExposedPorts",
    "methods": [
      {
        "name": "toPrimitive",
        "parameterTypes": []
      }
    ]
  },
  {
    "condition": {
      "typeReachable": "org.testcontainers.shaded.com.github.dockerjava.core.exec.InfoCmdExec"
    },
    "name": "com.github.dockerjava.api.model.ExternalCA",
    "allDeclaredFields": true,
    "queryAllDeclaredMethods": true,
    "queryAllDeclaredConstructors": true
  },
  {
    "condition": {
      "typeReachable": "org.testcontainers.shaded.com.github.dockerjava.core.exec.InfoCmdExec"
    },
    "name": "com.github.dockerjava.api.model.ExternalCAProtocol",
    "allDeclaredFields": true,
    "queryAllDeclaredMethods": true
  },
  {
    "condition": {
      "typeReachable": "org.testcontainers.shaded.com.github.dockerjava.core.exec.CreateContainerCmdExec"
    },
    "name": "com.github.dockerjava.api.model.HostConfig",
    "methods": [
      {
        "name": "getAutoRemove",
        "parameterTypes": []
      },
      {
        "name": "getBlkioDeviceReadBps",
        "parameterTypes": []
      },
      {
        "name": "getBlkioDeviceReadIOps",
        "parameterTypes": []
      },
      {
        "name": "getBlkioDeviceWriteBps",
        "parameterTypes": []
      },
      {
        "name": "getBlkioDeviceWriteIOps",
        "parameterTypes": []
      },
      {
        "name": "getBlkioWeight",
        "parameterTypes": []
      },
      {
        "name": "getBlkioWeightDevice",
        "parameterTypes": []
      },
      {
        "name": "getCapAdd",
        "parameterTypes": []
      },
      {
        "name": "getCapDrop",
        "parameterTypes": []
      },
      {
        "name": "getCgroup",
        "parameterTypes": []
      },
      {
        "name": "getCgroupParent",
        "parameterTypes": []
      },
      {
        "name": "getCgroupnsMode",
        "parameterTypes": []
      },
      {
        "name": "getConsoleSize",
        "parameterTypes": []
      },
      {
        "name": "getContainerIDFile",
        "parameterTypes": []
      },
      {
        "name": "getCpuCount",
        "parameterTypes": []
      },
      {
        "name": "getCpuPercent",
        "parameterTypes": []
      },
      {
        "name": "getCpuPeriod",
        "parameterTypes": []
      },
      {
        "name": "getCpuQuota",
        "parameterTypes": []
      },
      {
        "name": "getCpuRealtimePeriod",
        "parameterTypes": []
      },
      {
        "name": "getCpuRealtimeRuntime",
        "parameterTypes": []
      },
      {
        "name": "getCpuShares",
        "parameterTypes": []
      },
      {
        "name": "getCpusetCpus",
        "parameterTypes": []
      },
      {
        "name": "getCpusetMems",
        "parameterTypes": []
      },
      {
        "name": "getDeviceCgroupRules",
        "parameterTypes": []
      },
      {
        "name": "getDeviceRequests",
        "parameterTypes": []
      },
      {
        "name": "getDevices",
        "parameterTypes": []
      },
      {
        "name": "getDiskQuota",
        "parameterTypes": []
      },
      {
        "name": "getDns",
        "parameterTypes": []
      },
      {
        "name": "getDnsOptions",
        "parameterTypes": []
      },
      {
        "name": "getDnsSearch",
        "parameterTypes": []
      },
      {
        "name": "getExtraHosts",
        "parameterTypes": []
      },
      {
        "name": "getGroupAdd",
        "parameterTypes": []
      },
      {
        "name": "getInit",
        "parameterTypes": []
      },
      {
        "name": "getIoMaximumBandwidth",
        "parameterTypes": []
      },
      {
        "name": "getIoMaximumIOps",
        "parameterTypes": []
      },
      {
        "name": "getIpcMode",
        "parameterTypes": []
      },
      {
        "name": "getIsolation",
        "parameterTypes": []
      },
      {
        "name": "getKernelMemory",
        "parameterTypes": []
      },
      {
        "name": "getLxcConf",
        "parameterTypes": []
      },
      {
        "name": "getMemory",
        "parameterTypes": []
      },
      {
        "name": "getMemoryReservation",
        "parameterTypes": []
      },
      {
        "name": "getMemorySwap",
        "parameterTypes": []
      },
      {
        "name": "getMemorySwappiness",
        "parameterTypes": []
      },
      {
        "name": "getMounts",
        "parameterTypes": []
      },
      {
        "name": "getNanoCPUs",
        "parameterTypes": []
      },
      {
        "name": "getNetworkMode",
        "parameterTypes": []
      },
      {
        "name": "getOomKillDisable",
        "parameterTypes": []
      },
      {
        "name": "getOomScoreAdj",
        "parameterTypes": []
      },
      {
        "name": "getPidMode",
        "parameterTypes": []
      },
      {
        "name": "getPidsLimit",
        "parameterTypes": []
      },
      {
        "name": "getPortBindings",
        "parameterTypes": []
      },
      {
        "name": "getPrivileged",
        "parameterTypes": []
      },
      {
        "name": "getPublishAllPorts",
        "parameterTypes": []
      },
      {
        "name": "getReadonlyRootfs",
        "parameterTypes": []
      },
      {
        "name": "getRestartPolicy",
        "parameterTypes": []
      },
      {
        "name": "getRuntime",
        "parameterTypes": []
      },
      {
        "name": "getSecurityOpts",
        "parameterTypes": []
      },
      {
        "name": "getShmSize",
        "parameterTypes": []
      },
      {
        "name": "getStorageOpt",
        "parameterTypes": []
      },
      {
        "name": "getSysctls",
        "parameterTypes": []
      },
      {
        "name": "getTmpFs",
        "parameterTypes": []
      },
      {
        "name": "getUlimits",
        "parameterTypes": []
      },
      {
        "name": "getUsernsMode",
        "parameterTypes": []
      },
      {
        "name": "getUtSMode",
        "parameterTypes": []
      },
      {
        "name": "getVolumeDriver",
        "parameterTypes": []
      },
      {
        "name": "getVolumesFrom",
        "parameterTypes": []
      }
    ]
  },
  {
    "condition": {
      "typeReachable": "org.testcontainers.shaded.com.github.dockerjava.core.exec.InspectContainerCmdExec"
    },
    "name": "com.github.dockerjava.api.model.HostConfig",
    "methods": [
      {
        "name": "<init>",
        "parameterTypes": []
      }
    ]
  },
  {
    "condition": {
      "typeReachable": "org.testcontainers.shaded.com.github.dockerjava.core.exec.ListImagesCmdExec"
    },
    "name": "com.github.dockerjava.api.model.Image",
    "allDeclaredFields": true,
    "queryAllDeclaredMethods": true,
    "queryAllDeclaredConstructors": true,
    "methods": [
      {
        "name": "<init>",
        "parameterTypes": []
      }
    ]
  },
  {
    "condition": {
      "typeReachable": "org.testcontainers.shaded.com.github.dockerjava.core.exec.InfoCmdExec"
    },
    "name": "com.github.dockerjava.api.model.Info",
    "allDeclaredFields": true,
    "queryAllDeclaredMethods": true,
    "queryAllDeclaredConstructors": true,
    "methods": [
      {
        "name": "<init>",
        "parameterTypes": []
      }
    ]
  },
  {
    "condition": {
      "typeReachable": "org.testcontainers.shaded.com.github.dockerjava.core.exec.InfoCmdExec"
    },
    "name": "com.github.dockerjava.api.model.InfoRegistryConfig",
    "allDeclaredFields": true,
    "queryAllDeclaredMethods": true,
    "queryAllDeclaredConstructors": true,
    "methods": [
      {
        "name": "<init>",
        "parameterTypes": []
      }
    ]
  },
  {
    "condition": {
      "typeReachable": "org.testcontainers.shaded.com.github.dockerjava.core.exec.InfoCmdExec"
    },
    "name": "com.github.dockerjava.api.model.InfoRegistryConfig$IndexConfig",
    "allDeclaredFields": true,
    "queryAllDeclaredMethods": true,
    "queryAllDeclaredConstructors": true,
    "methods": [
      {
        "name": "<init>",
        "parameterTypes": []
      }
    ]
  },
  {
    "condition": {
      "typeReachable": "org.testcontainers.shaded.com.github.dockerjava.core.exec.InspectContainerCmdExec"
    },
    "name": "com.github.dockerjava.api.model.Isolation",
    "methods": [
      {
        "name": "fromValue",
        "parameterTypes": [
          "java.lang.String"
        ]
      }
    ]
  },
  {
    "condition": {
      "typeReachable": "org.testcontainers.shaded.com.github.dockerjava.core.exec.CreateContainerCmdExec"
    },
    "name": "com.github.dockerjava.api.model.Links",
    "methods": [
      {
        "name": "toPrimitive",
        "parameterTypes": []
      }
    ]
  },
  {
    "condition": {
      "typeReachable": "org.testcontainers.shaded.com.github.dockerjava.core.exec.InfoCmdExec"
    },
    "name": "com.github.dockerjava.api.model.LocalNodeState",
    "allDeclaredFields": true,
    "queryAllDeclaredMethods": true,
    "methods": [
      {
        "name": "forValue",
        "parameterTypes": [
          "java.lang.String"
        ]
      }
    ]
  },
  {
    "condition": {
      "typeReachable": "org.testcontainers.shaded.com.github.dockerjava.core.exec.InspectContainerCmdExec"
    },
    "name": "com.github.dockerjava.api.model.LogConfig",
    "methods": [
      {
        "name": "<init>",
        "parameterTypes": []
      },
      {
        "name": "setType",
        "parameterTypes": [
          "com.github.dockerjava.api.model.LogConfig$LoggingType"
        ]
      }
    ]
  },
  {
    "condition": {
      "typeReachable": "org.testcontainers.shaded.com.github.dockerjava.core.exec.InspectContainerCmdExec"
    },
    "name": "com.github.dockerjava.api.model.LogConfig$LoggingType",
    "methods": [
      {
        "name": "fromValue",
        "parameterTypes": [
          "java.lang.String"
        ]
      }
    ]
  },
  {
    "condition": {
      "typeReachable": "org.testcontainers.shaded.com.github.dockerjava.core.exec.InspectContainerCmdExec"
    },
    "name": "com.github.dockerjava.api.model.NetworkSettings",
    "methods": [
      {
        "name": "<init>",
        "parameterTypes": []
      }
    ]
  },
  {
    "condition": {
      "typeReachable": "org.testcontainers.shaded.com.github.dockerjava.core.exec.InfoCmdExec"
    },
    "name": "com.github.dockerjava.api.model.PeerNode",
    "allDeclaredFields": true,
    "queryAllDeclaredMethods": true,
    "queryAllDeclaredConstructors": true
  },
  {
    "condition": {
      "typeReachable": "org.testcontainers.shaded.com.fasterxml.jackson.databind.deser.BeanDeserializerBase"
    },
    "name": "com.github.dockerjava.api.model.Ports",
    "methods": [
      {
        "name": "fromPrimitive",
        "parameterTypes": [
          "java.util.Map"
        ]
      }
    ]
  },
  {
    "condition": {
      "typeReachable": "org.testcontainers.shaded.com.github.dockerjava.core.exec.CreateContainerCmdExec"
    },
    "name": "com.github.dockerjava.api.model.Ports",
    "methods": [
      {
        "name": "toPrimitive",
        "parameterTypes": []
      }
    ]
  },
  {
    "condition": {
      "typeReachable": "org.testcontainers.shaded.com.github.dockerjava.core.exec.InfoCmdExec"
    },
    "name": "com.github.dockerjava.api.model.ResourceVersion",
    "allDeclaredFields": true,
    "queryAllDeclaredMethods": true,
    "queryAllDeclaredConstructors": true
  },
  {
    "condition": {
      "typeReachable": "org.testcontainers.shaded.com.github.dockerjava.core.exec.InspectContainerCmdExec"
    },
    "name": "com.github.dockerjava.api.model.RestartPolicy",
    "methods": [
      {
        "name": "<init>",
        "parameterTypes": []
      }
    ]
  },
  {
    "condition": {
      "typeReachable": "org.testcontainers.shaded.com.github.dockerjava.core.exec.InfoCmdExec"
    },
    "name": "com.github.dockerjava.api.model.SwarmCAConfig",
    "allDeclaredFields": true,
    "queryAllDeclaredMethods": true,
    "queryAllDeclaredConstructors": true
  },
  {
    "condition": {
      "typeReachable": "org.testcontainers.shaded.com.github.dockerjava.core.exec.InfoCmdExec"
    },
    "name": "com.github.dockerjava.api.model.SwarmDispatcherConfig",
    "allDeclaredFields": true,
    "queryAllDeclaredMethods": true,
    "queryAllDeclaredConstructors": true
  },
  {
    "condition": {
      "typeReachable": "org.testcontainers.shaded.com.github.dockerjava.core.exec.InfoCmdExec"
    },
    "name": "com.github.dockerjava.api.model.SwarmInfo",
    "allDeclaredFields": true,
    "queryAllDeclaredMethods": true,
    "queryAllDeclaredConstructors": true,
    "methods": [
      {
        "name": "<init>",
        "parameterTypes": []
      }
    ]
  },
  {
    "condition": {
      "typeReachable": "org.testcontainers.shaded.com.github.dockerjava.core.exec.InfoCmdExec"
    },
    "name": "com.github.dockerjava.api.model.SwarmOrchestration",
    "allDeclaredFields": true,
    "queryAllDeclaredMethods": true,
    "queryAllDeclaredConstructors": true
  },
  {
    "condition": {
      "typeReachable": "org.testcontainers.shaded.com.github.dockerjava.core.exec.InfoCmdExec"
    },
    "name": "com.github.dockerjava.api.model.SwarmRaftConfig",
    "allDeclaredFields": true,
    "queryAllDeclaredMethods": true,
    "queryAllDeclaredConstructors": true
  },
  {
    "condition": {
      "typeReachable": "org.testcontainers.shaded.com.github.dockerjava.core.exec.InfoCmdExec"
    },
    "name": "com.github.dockerjava.api.model.SwarmSpec",
    "allDeclaredFields": true,
    "queryAllDeclaredMethods": true,
    "queryAllDeclaredConstructors": true
  },
  {
    "condition": {
      "typeReachable": "org.testcontainers.shaded.com.github.dockerjava.core.exec.InfoCmdExec"
    },
    "name": "com.github.dockerjava.api.model.TaskDefaults",
    "allDeclaredFields": true,
    "queryAllDeclaredMethods": true,
    "queryAllDeclaredConstructors": true
  },
  {
    "condition": {
      "typeReachable": "org.testcontainers.shaded.com.github.dockerjava.core.exec.VersionCmdExec"
    },
    "name": "com.github.dockerjava.api.model.Version",
    "allDeclaredFields": true,
    "queryAllDeclaredMethods": true,
    "queryAllDeclaredConstructors": true,
    "methods": [
      {
        "name": "<init>",
        "parameterTypes": []
      }
    ]
  },
  {
    "condition": {
      "typeReachable": "org.testcontainers.shaded.com.github.dockerjava.core.exec.VersionCmdExec"
    },
    "name": "com.github.dockerjava.api.model.VersionComponent",
    "allDeclaredFields": true,
    "queryAllDeclaredMethods": true,
    "queryAllDeclaredConstructors": true,
    "methods": [
      {
        "name": "<init>",
        "parameterTypes": []
      }
    ]
  },
  {
    "condition": {
      "typeReachable": "org.testcontainers.shaded.com.github.dockerjava.core.exec.VersionCmdExec"
    },
    "name": "com.github.dockerjava.api.model.VersionPlatform",
    "allDeclaredFields": true,
    "queryAllDeclaredMethods": true,
    "queryAllDeclaredConstructors": true,
    "methods": [
      {
        "name": "<init>",
        "parameterTypes": []
      }
    ]
  },
  {
    "condition": {
      "typeReachable": "org.testcontainers.shaded.com.fasterxml.jackson.databind.introspect.AnnotatedConstructor"
    },
    "name": "com.github.dockerjava.api.model.Volume",
    "methods": [
      {
        "name": "<init>",
        "parameterTypes": [
          "java.lang.String"
        ]
      }
    ]
  },
  {
    "condition": {
      "typeReachable": "org.testcontainers.shaded.com.github.dockerjava.core.exec.CreateContainerCmdExec"
    },
    "name": "com.github.dockerjava.api.model.Volumes",
    "methods": [
      {
        "name": "toPrimitive",
        "parameterTypes": []
      }
    ]
  },
  {
    "condition": {
      "typeReachable": "org.testcontainers.shaded.com.github.dockerjava.core.DefaultInvocationBuilder"
    },
    "name": "java.io.Closeable",
    "queryAllDeclaredMethods": true
  },
  {
    "condition": {
      "typeReachable": "org.testcontainers.shaded.com.github.dockerjava.core.exec.ExecCreateCmdExec"
    },
    "name": "java.io.Closeable",
    "queryAllDeclaredMethods": true
  },
  {
    "condition": {
      "typeReachable": "org.testcontainers.shaded.com.fasterxml.jackson.databind.SerializerProvider"
    },
    "name": "java.io.Serializable"
  },
  {
    "condition": {
      "typeReachable": "org.testcontainers.shaded.com.fasterxml.jackson.databind.deser.std.ObjectArrayDeserializer"
    },
    "name": "java.io.Serializable"
  },
  {
    "condition": {
      "typeReachable": "org.testcontainers.shaded.com.fasterxml.jackson.databind.ser.BeanPropertyWriter"
    },
    "name": "java.io.Serializable"
  },
  {
    "condition": {
      "typeReachable": "org.testcontainers.shaded.com.fasterxml.jackson.databind.ser.SerializerCache"
    },
    "name": "java.io.Serializable"
  },
  {
    "condition": {
      "typeReachable": "org.testcontainers.shaded.com.fasterxml.jackson.databind.ser.impl.PropertySerializerMap"
    },
    "name": "java.io.Serializable"
  },
  {
    "condition": {
      "typeReachable": "org.testcontainers.shaded.com.fasterxml.jackson.databind.ser.std.BeanSerializerBase"
    },
    "name": "java.io.Serializable"
  },
  {
    "condition": {
      "typeReachable": "org.testcontainers.shaded.com.github.dockerjava.core.exec.InfoCmdExec"
    },
    "name": "java.io.Serializable",
    "queryAllDeclaredMethods": true
  },
  {
    "condition": {
      "typeReachable": "org.testcontainers.shaded.com.github.dockerjava.core.exec.ListImagesCmdExec"
    },
    "name": "java.io.Serializable",
    "queryAllDeclaredMethods": true
  },
  {
    "condition": {
      "typeReachable": "org.testcontainers.shaded.com.github.dockerjava.core.exec.VersionCmdExec"
    },
    "name": "java.io.Serializable",
    "queryAllDeclaredMethods": true
  },
  {
    "condition": {
      "typeReachable": "org.testcontainers.shaded.com.github.dockerjava.core.DefaultInvocationBuilder"
    },
    "name": "java.lang.AutoCloseable",
    "queryAllDeclaredMethods": true
  },
  {
    "condition": {
      "typeReachable": "org.testcontainers.shaded.com.github.dockerjava.core.exec.ExecCreateCmdExec"
    },
    "name": "java.lang.AutoCloseable",
    "queryAllDeclaredMethods": true
  },
  {
    "condition": {
      "typeReachable": "org.testcontainers.shaded.com.fasterxml.jackson.databind.SerializerProvider"
    },
    "name": "java.lang.Comparable"
  },
  {
    "condition": {
      "typeReachable": "org.testcontainers.shaded.com.fasterxml.jackson.databind.ser.SerializerCache"
    },
    "name": "java.lang.Comparable"
  },
  {
    "condition": {
      "typeReachable": "org.testcontainers.shaded.com.fasterxml.jackson.databind.ser.std.BeanSerializerBase"
    },
    "name": "java.lang.Comparable"
  },
  {
    "condition": {
      "typeReachable": "org.testcontainers.shaded.com.fasterxml.jackson.databind.deser.BasicDeserializerFactory"
    },
    "name": "java.lang.Enum"
  },
  {
    "condition": {
      "typeReachable": "org.testcontainers.shaded.com.github.dockerjava.core.exec.InfoCmdExec"
    },
    "name": "java.lang.Enum",
    "queryAllDeclaredMethods": true
  },
  {
    "condition": {
      "typeReachable": "org.testcontainers.shaded.com.fasterxml.jackson.databind.SerializerProvider"
    },
    "name": "java.lang.Number"
  },
  {
    "condition": {
      "typeReachable": "org.testcontainers.shaded.com.fasterxml.jackson.databind.ser.SerializerCache"
    },
    "name": "java.lang.Number"
  },
  {
    "condition": {
      "typeReachable": "org.testcontainers.shaded.com.fasterxml.jackson.databind.ser.std.BeanSerializerBase"
    },
    "name": "java.lang.Number"
  },
  {
    "condition": {
      "typeReachable": "org.testcontainers.shaded.com.fasterxml.jackson.databind.SerializerProvider"
    },
    "name": "java.lang.constant.Constable"
  },
  {
    "condition": {
      "typeReachable": "org.testcontainers.shaded.com.fasterxml.jackson.databind.ser.SerializerCache"
    },
    "name": "java.lang.constant.Constable"
  },
  {
    "condition": {
      "typeReachable": "org.testcontainers.shaded.com.fasterxml.jackson.databind.ser.std.BeanSerializerBase"
    },
    "name": "java.lang.constant.Constable"
  },
  {
    "condition": {
      "typeReachable": "org.testcontainers.shaded.com.fasterxml.jackson.databind.SerializerProvider"
    },
    "name": "java.lang.constant.ConstantDesc"
  },
  {
    "condition": {
      "typeReachable": "org.testcontainers.shaded.com.fasterxml.jackson.databind.ser.SerializerCache"
    },
    "name": "java.lang.constant.ConstantDesc"
  },
  {
    "condition": {
      "typeReachable": "org.testcontainers.shaded.com.fasterxml.jackson.databind.ser.std.BeanSerializerBase"
    },
    "name": "java.lang.constant.ConstantDesc"
  },
  {
    "condition": {
      "typeReachable": "org.testcontainers.dockerclient.DockerClientProviderStrategy"
    },
    "name": "java.net.UnixDomainSocketAddress",
    "methods": [
      {
        "name": "of",
        "parameterTypes": [
          "java.lang.String"
        ]
      }
    ]
  },
  {
    "condition": {
      "typeReachable": "org.testcontainers.shaded.com.github.dockerjava.core.exec.InfoCmdExec"
    },
    "name": "java.net.UnixDomainSocketAddress",
    "methods": [
      {
        "name": "of",
        "parameterTypes": [
          "java.lang.String"
        ]
      }
    ]
  },
  {
    "condition": {
      "typeReachable": "org.testcontainers.shaded.com.github.dockerjava.core.exec.InspectExecCmdExec"
    },
    "name": "java.net.UnixDomainSocketAddress",
    "methods": [
      {
        "name": "of",
        "parameterTypes": [
          "java.lang.String"
        ]
      }
    ]
  },
  {
    "condition": {
      "typeReachable": "org.testcontainers.DockerClientFactory"
    },
    "name": "java.security.SecureRandomParameters"
  },
  {
    "condition": {
      "typeReachable": "org.testcontainers.dockerclient.DockerClientProviderStrategy"
    },
    "name": "java.security.SecureRandomParameters"
  },
  {
    "condition": {
      "typeReachable": "org.testcontainers.utility.Base58"
    },
    "name": "java.security.SecureRandomParameters"
  },
  {
    "condition": {
      "typeReachable": "org.testcontainers.shaded.com.fasterxml.jackson.databind.deser.BasicDeserializerFactory"
    },
    "name": "java.util.ArrayList"
  },
  {
    "condition": {
      "typeReachable": "org.testcontainers.shaded.com.github.dockerjava.core.exec.InfoCmdExec"
    },
    "name": "java.util.ArrayList",
    "queryAllDeclaredMethods": true,
    "queryAllDeclaredConstructors": true
  },
  {
    "condition": {
      "typeReachable": "org.testcontainers.shaded.com.github.dockerjava.core.exec.ListImagesCmdExec"
    },
    "name": "java.util.ArrayList",
    "queryAllDeclaredMethods": true,
    "queryAllDeclaredConstructors": true
  },
  {
    "condition": {
      "typeReachable": "org.testcontainers.shaded.com.github.dockerjava.core.exec.VersionCmdExec"
    },
    "name": "java.util.ArrayList",
    "queryAllDeclaredMethods": true,
    "queryAllDeclaredConstructors": true
  },
  {
    "condition": {
      "typeReachable": "org.testcontainers.shaded.com.fasterxml.jackson.databind.ObjectMapper"
    },
    "name": "java.util.HashMap",
    "queryAllDeclaredMethods": true,
    "queryAllDeclaredConstructors": true
  },
  {
    "condition": {
      "typeReachable": "org.testcontainers.shaded.com.fasterxml.jackson.databind.deser.std.UntypedObjectDeserializer"
    },
    "name": "java.util.LinkedHashMap"
  },
  {
    "condition": {
      "typeReachable": "org.testcontainers.shaded.com.github.dockerjava.core.exec.InfoCmdExec"
    },
    "name": "java.util.LinkedHashMap",
    "queryAllDeclaredMethods": true,
    "queryAllDeclaredConstructors": true
  },
  {
    "condition": {
      "typeReachable": "org.testcontainers.dockerclient.DockerClientProviderStrategy"
    },
    "name": "org.testcontainers.dockerclient.UnixSocketClientProviderStrategy",
    "methods": [
      {
        "name": "<init>",
        "parameterTypes": []
      }
    ]
  },
  {
    "condition": {
      "typeReachable": "org.testcontainers.shaded.com.fasterxml.jackson.databind.ext.Java7Support"
    },
    "name": "org.testcontainers.shaded.com.fasterxml.jackson.databind.ext.Java7SupportImpl",
    "methods": [
      {
        "name": "<init>",
        "parameterTypes": []
      }
    ]
  },
  {
    "condition": {
      "typeReachable": "org.testcontainers.shaded.com.github.dockerjava.core.DefaultInvocationBuilder"
    },
    "name": "org.testcontainers.shaded.com.github.dockerjava.core.command.AbstrAsyncDockerCmd",
    "queryAllDeclaredMethods": true
  },
  {
    "condition": {
      "typeReachable": "org.testcontainers.shaded.com.github.dockerjava.core.exec.ExecCreateCmdExec"
    },
    "name": "org.testcontainers.shaded.com.github.dockerjava.core.command.AbstrDockerCmd",
    "queryAllDeclaredMethods": true
  },
  {
    "condition": {
      "typeReachable": "org.testcontainers.shaded.com.github.dockerjava.core.exec.ExecCreateCmdExec"
    },
    "name": "org.testcontainers.shaded.com.github.dockerjava.core.command.ExecCreateCmdImpl",
    "allDeclaredFields": true,
    "queryAllDeclaredMethods": true,
    "queryAllDeclaredConstructors": true,
    "methods": [
      {
        "name": "getContainerId",
        "parameterTypes": []
      },
      {
        "name": "getEnv",
        "parameterTypes": []
      },
      {
        "name": "getPrivileged",
        "parameterTypes": []
      },
      {
        "name": "getUser",
        "parameterTypes": []
      },
      {
        "name": "getWorkingDir",
        "parameterTypes": []
      }
    ]
  },
  {
    "condition": {
      "typeReachable": "org.testcontainers.shaded.com.github.dockerjava.core.DefaultInvocationBuilder"
    },
    "name": "org.testcontainers.shaded.com.github.dockerjava.core.command.ExecStartCmdImpl",
    "allDeclaredFields": true,
    "queryAllDeclaredMethods": true,
    "queryAllDeclaredConstructors": true
  },
  {
    "condition": {
      "typeReachable": "org.testcontainers.containers.GenericContainer"
    },
    "name": "org.testcontainers.shaded.org.awaitility.core.ConditionFactory$1"
  },
  {
    "condition": {
      "typeReachable": "org.testcontainers.containers.GenericContainer$$Lambda$421/0x0000000100311e88"
    },
    "name": "org.testcontainers.shaded.org.awaitility.core.ConditionFactory$1"
  },
  {
    "condition": {
      "typeReachable": "org.testcontainers.shaded.org.awaitility.core.ConditionFactory"
    },
    "name": "org.testcontainers.shaded.org.awaitility.core.ConditionFactory$1"
  },
  {
    "condition": {
      "typeReachable": "org.testcontainers.shaded.org.awaitility.core.ConditionFactory$1"
    },
    "name": "org.testcontainers.shaded.org.awaitility.core.ConditionFactory$1"
  },
  {
    "condition": {
      "typeReachable": "org.testcontainers.shaded.org.hamcrest.TypeSafeMatcher"
    },
    "name": "org.testcontainers.shaded.org.awaitility.core.ConditionFactory$1"
  },
  {
    "condition": {
      "typeReachable": "org.testcontainers.shaded.org.hamcrest.internal.ReflectiveTypeFinder"
    },
    "name": "org.testcontainers.shaded.org.awaitility.core.ConditionFactory$1"
  },
  {
    "condition": {
      "typeReachable": "org.testcontainers.DockerClientFactory"
    },
    "name": "sun.security.provider.NativePRNG",
    "methods": [
      {
        "name": "<init>",
        "parameterTypes": []
      }
    ]
  },
  {
    "condition": {
      "typeReachable": "org.testcontainers.utility.Base58"
    },
    "name": "sun.security.provider.NativePRNG",
    "methods": [
      {
        "name": "<init>",
        "parameterTypes": []
      }
    ]
  },
  {
    "condition": {
      "typeReachable": "org.testcontainers.dockerclient.DockerClientProviderStrategy"
    },
    "name": "sun.security.provider.NativePRNG$NonBlocking",
    "methods": [
      {
        "name": "<init>",
        "parameterTypes": []
      }
    ]
  },
  {
    "condition": {
      "typeReachable": "org.testcontainers.utility.Base58"
    },
    "name": "sun.security.provider.SHA",
    "methods": [
      {
        "name": "<init>",
        "parameterTypes": []
      }
    ]
  },
  {
    "condition": {
      "typeReachable": "org.testcontainers.DockerClientFactory"
    },
    "name": "org.testcontainers.shaded.com.github.dockerjava.core.command.CopyArchiveFromContainerCmdImpl",
    "allDeclaredFields": true
  },
  {
    "condition": {
      "typeReachable": "org.testcontainers.DockerClientFactory"
    },
    "name": "org.testcontainers.shaded.com.github.dockerjava.core.command.RemoveServiceCmdImpl",
    "allDeclaredFields": true
  },
  {
    "condition": {
      "typeReachable": "org.testcontainers.DockerClientFactory"
    },
    "name": "org.testcontainers.shaded.com.github.dockerjava.core.command.ListSecretsCmdImpl",
    "allDeclaredFields": true
  },
  {
    "condition": {
      "typeReachable": "org.testcontainers.DockerClientFactory"
    },
    "name": "org.testcontainers.shaded.com.github.dockerjava.core.command.ConnectToNetworkCmdImpl",
    "allDeclaredFields": true
  },
  {
    "condition": {
      "typeReachable": "org.testcontainers.DockerClientFactory"
    },
    "name": "org.testcontainers.shaded.com.github.dockerjava.core.command.PingCmdImpl",
    "allDeclaredFields": true
  },
  {
    "condition": {
      "typeReachable": "org.testcontainers.DockerClientFactory"
    },
    "name": "org.testcontainers.shaded.com.github.dockerjava.core.command.ListTasksCmdImpl",
    "allDeclaredFields": true
  },
  {
    "condition": {
      "typeReachable": "org.testcontainers.DockerClientFactory"
    },
    "name": "org.testcontainers.shaded.com.github.dockerjava.core.command.RemoveSwarmNodeCmdImpl",
    "allDeclaredFields": true
  },
  {
    "condition": {
      "typeReachable": "org.testcontainers.DockerClientFactory"
    },
    "name": "org.testcontainers.shaded.com.github.dockerjava.core.command.CopyArchiveToContainerCmdImpl",
    "allDeclaredFields": true
  },
  {
    "condition": {
      "typeReachable": "org.testcontainers.DockerClientFactory"
    },
    "name": "org.testcontainers.shaded.com.github.dockerjava.core.command.CreateSecretCmdImpl",
    "allDeclaredFields": true
  },
  {
    "condition": {
      "typeReachable": "org.testcontainers.DockerClientFactory"
    },
    "name": "org.testcontainers.shaded.com.github.dockerjava.core.command.UpdateContainerCmdImpl",
    "allDeclaredFields": true
  },
  {
    "condition": {
      "typeReachable": "org.testcontainers.DockerClientFactory"
    },
    "name": "org.testcontainers.shaded.com.github.dockerjava.core.command.InspectConfigCmdImpl",
    "allDeclaredFields": true
  },
  {
    "condition": {
      "typeReachable": "org.testcontainers.DockerClientFactory"
    },
    "name": "org.testcontainers.shaded.com.github.dockerjava.core.command.ListVolumesCmdImpl",
    "allDeclaredFields": true
  },
  {
    "condition": {
      "typeReachable": "org.testcontainers.DockerClientFactory"
    },
    "name": "org.testcontainers.shaded.com.github.dockerjava.core.command.ListContainersCmdImpl",
    "allDeclaredFields": true
  },
  {
    "condition": {
      "typeReachable": "org.testcontainers.DockerClientFactory"
    },
    "name": "org.testcontainers.shaded.com.github.dockerjava.core.command.ListNetworksCmdImpl",
    "allDeclaredFields": true
  },
  {
    "condition": {
      "typeReachable": "org.testcontainers.DockerClientFactory"
    },
    "name": "org.testcontainers.shaded.com.github.dockerjava.core.command.InitializeSwarmCmdImpl",
    "allDeclaredFields": true
  },
  {
    "condition": {
      "typeReachable": "org.testcontainers.DockerClientFactory"
    },
    "name": "org.testcontainers.shaded.com.github.dockerjava.core.command.RemoveImageCmdImpl",
    "allDeclaredFields": true
  },
  {
    "condition": {
      "typeReachable": "org.testcontainers.DockerClientFactory"
    },
    "name": "org.testcontainers.shaded.com.github.dockerjava.core.command.ContainerDiffCmdImpl",
    "allDeclaredFields": true
  },
  {
    "condition": {
      "typeReachable": "org.testcontainers.DockerClientFactory"
    },
    "name": "org.testcontainers.shaded.com.github.dockerjava.core.command.UpdateSwarmCmdImpl",
    "allDeclaredFields": true
  },
  {
    "condition": {
      "typeReachable": "org.testcontainers.DockerClientFactory"
    },
    "name": "org.testcontainers.shaded.com.github.dockerjava.core.command.InpectNetworkCmdImpl",
    "allDeclaredFields": true
  },
  {
    "condition": {
      "typeReachable": "org.testcontainers.DockerClientFactory"
    },
    "name": "org.testcontainers.shaded.com.github.dockerjava.core.command.InspectContainerCmdImpl",
    "allDeclaredFields": true
  },
  {
    "condition": {
      "typeReachable": "org.testcontainers.DockerClientFactory"
    },
    "name": "org.testcontainers.shaded.com.github.dockerjava.core.command.RemoveNetworkCmdImpl",
    "allDeclaredFields": true
  },
  {
    "condition": {
      "typeReachable": "org.testcontainers.DockerClientFactory"
    },
    "name": "org.testcontainers.shaded.com.github.dockerjava.core.command.PruneCmdImpl",
    "allDeclaredFields": true
  },
  {
    "condition": {
      "typeReachable": "org.testcontainers.DockerClientFactory"
    },
    "name": "org.testcontainers.shaded.com.github.dockerjava.core.command.KillContainerCmdImpl",
    "allDeclaredFields": true
  },
  {
    "condition": {
      "typeReachable": "org.testcontainers.DockerClientFactory"
    },
    "name": "org.testcontainers.shaded.com.github.dockerjava.core.command.SearchImagesCmdImpl",
    "allDeclaredFields": true
  },
  {
    "condition": {
      "typeReachable": "org.testcontainers.DockerClientFactory"
    },
    "name": "org.testcontainers.shaded.com.github.dockerjava.core.command.InfoCmdImpl",
    "allDeclaredFields": true
  },
  {
    "condition": {
      "typeReachable": "org.testcontainers.DockerClientFactory"
    },
    "name": "org.testcontainers.shaded.com.github.dockerjava.core.command.InspectExecCmdImpl",
    "allDeclaredFields": true
  },
  {
    "condition": {
      "typeReachable": "org.testcontainers.DockerClientFactory"
    },
    "name": "org.testcontainers.shaded.com.github.dockerjava.core.command.CreateConfigCmdImpl",
    "allDeclaredFields": true
  },
  {
    "condition": {
      "typeReachable": "org.testcontainers.DockerClientFactory"
    },
    "name": "org.testcontainers.shaded.com.github.dockerjava.core.command.JoinSwarmCmdImpl",
    "allDeclaredFields": true
  },
  {
    "condition": {
      "typeReachable": "org.testcontainers.DockerClientFactory"
    },
    "name": "org.testcontainers.shaded.com.github.dockerjava.core.command.SaveImageCmdImpl",
    "allDeclaredFields": true
  },
  {
    "condition": {
      "typeReachable": "org.testcontainers.DockerClientFactory"
    },
    "name": "org.testcontainers.shaded.com.github.dockerjava.core.command.SaveImagesCmdImpl",
    "allDeclaredFields": true
  },
  {
    "condition": {
      "typeReachable": "org.testcontainers.DockerClientFactory"
    },
    "name": "org.testcontainers.shaded.com.github.dockerjava.core.command.RemoveConfigCmdImpl",
    "allDeclaredFields": true
  },
  {
    "condition": {
      "typeReachable": "org.testcontainers.DockerClientFactory"
    },
    "name": "org.testcontainers.shaded.com.github.dockerjava.core.command.LeaveSwarmCmdImpl",
    "allDeclaredFields": true
  },
  {
    "condition": {
      "typeReachable": "org.testcontainers.DockerClientFactory"
    },
    "name": "org.testcontainers.shaded.com.github.dockerjava.core.command.ListConfigsCmdImpl",
    "allDeclaredFields": true
  },
  {
    "condition": {
      "typeReachable": "org.testcontainers.DockerClientFactory"
    },
    "name": "org.testcontainers.shaded.com.github.dockerjava.core.command.CreateContainerCmdImpl",
    "allDeclaredFields": true
  },
  {
    "condition": {
      "typeReachable": "org.testcontainers.DockerClientFactory"
    },
    "name": "org.testcontainers.shaded.com.github.dockerjava.core.command.ResizeContainerCmdImpl",
    "allDeclaredFields": true
  },
  {
    "condition": {
      "typeReachable": "org.testcontainers.DockerClientFactory"
    },
    "name": "org.testcontainers.shaded.com.github.dockerjava.core.command.RenameContainerCmdImpl",
    "allDeclaredFields": true
  },
  {
    "condition": {
      "typeReachable": "org.testcontainers.DockerClientFactory"
    },
    "name": "org.testcontainers.shaded.com.github.dockerjava.core.command.CreateServiceCmdImpl",
    "allDeclaredFields": true
  },
  {
    "condition": {
      "typeReachable": "org.testcontainers.DockerClientFactory"
    },
    "name": "org.testcontainers.shaded.com.github.dockerjava.core.command.PauseContainerCmdImpl",
    "allDeclaredFields": true
  },
  {
    "condition": {
      "typeReachable": "org.testcontainers.DockerClientFactory"
    },
    "name": "org.testcontainers.shaded.com.github.dockerjava.core.command.VersionCmdImpl",
    "allDeclaredFields": true
  },
  {
    "condition": {
      "typeReachable": "org.testcontainers.DockerClientFactory"
    },
    "name": "org.testcontainers.shaded.com.github.dockerjava.core.command.CreateNetworkCmdImpl",
    "allDeclaredFields": true
  },
  {
    "condition": {
      "typeReachable": "org.testcontainers.DockerClientFactory"
    },
    "name": "org.testcontainers.shaded.com.github.dockerjava.core.command.UpdateSwarmNodeCmdImpl",
    "allDeclaredFields": true
  },
  {
    "condition": {
      "typeReachable": "org.testcontainers.DockerClientFactory"
    },
    "name": "org.testcontainers.shaded.com.github.dockerjava.core.command.TopContainerCmdImpl",
    "allDeclaredFields": true
  },
  {
    "condition": {
      "typeReachable": "org.testcontainers.DockerClientFactory"
    },
    "name": "org.testcontainers.shaded.com.github.dockerjava.core.command.RemoveContainerCmdImpl",
    "allDeclaredFields": true
  },
  {
    "condition": {
      "typeReachable": "org.testcontainers.DockerClientFactory"
    },
    "name": "org.testcontainers.shaded.com.github.dockerjava.core.command.RemoveSecretCmdImpl",
    "allDeclaredFields": true
  },
  {
    "condition": {
      "typeReachable": "org.testcontainers.DockerClientFactory"
    },
    "name": "org.testcontainers.shaded.com.github.dockerjava.core.command.ExecCreateCmdImpl",
    "allDeclaredFields": true
  },
  {
    "condition": {
      "typeReachable": "org.testcontainers.DockerClientFactory"
    },
    "name": "org.testcontainers.shaded.com.github.dockerjava.core.command.UpdateServiceCmdImpl",
    "allDeclaredFields": true
  },
  {
    "condition": {
      "typeReachable": "org.testcontainers.DockerClientFactory"
    },
    "name": "org.testcontainers.shaded.com.github.dockerjava.core.command.RestartContainerCmdImpl",
    "allDeclaredFields": true
  },
  {
    "condition": {
      "typeReachable": "org.testcontainers.DockerClientFactory"
    },
    "name": "org.testcontainers.shaded.com.github.dockerjava.core.command.StopContainerCmdImpl",
    "allDeclaredFields": true
  },
  {
    "condition": {
      "typeReachable": "org.testcontainers.DockerClientFactory"
    },
    "name": "org.testcontainers.shaded.com.github.dockerjava.core.command.StartContainerCmdImpl",
    "allDeclaredFields": true
  },
  {
    "condition": {
      "typeReachable": "org.testcontainers.DockerClientFactory"
    },
    "name": "org.testcontainers.shaded.com.github.dockerjava.core.command.TagImageCmdImpl",
    "allDeclaredFields": true
  },
  {
    "condition": {
      "typeReachable": "org.testcontainers.DockerClientFactory"
    },
    "name": "org.testcontainers.shaded.com.github.dockerjava.core.command.DisconnectFromNetworkCmdImpl",
    "allDeclaredFields": true
  },
  {
    "condition": {
      "typeReachable": "org.testcontainers.DockerClientFactory"
    },
    "name": "org.testcontainers.shaded.com.github.dockerjava.core.command.InspectImageCmdImpl",
    "allDeclaredFields": true
  },
  {
    "condition": {
      "typeReachable": "org.testcontainers.DockerClientFactory"
    },
    "name": "org.testcontainers.shaded.com.github.dockerjava.core.command.ListServicesCmdImpl",
    "allDeclaredFields": true
  },
  {
    "condition": {
      "typeReachable": "org.testcontainers.DockerClientFactory"
    },
    "name": "org.testcontainers.shaded.com.github.dockerjava.core.command.UnpauseContainerCmdImpl",
    "allDeclaredFields": true
  },
  {
    "condition": {
      "typeReachable": "org.testcontainers.DockerClientFactory"
    },
    "name": "org.testcontainers.shaded.com.github.dockerjava.core.command.CopyFileFromContainerCmdImpl",
    "allDeclaredFields": true
  },
  {
    "condition": {
      "typeReachable": "org.testcontainers.DockerClientFactory"
    },
    "name": "org.testcontainers.shaded.com.github.dockerjava.core.command.InspectSwarmNodeCmdImpl",
    "allDeclaredFields": true
  },
  {
    "condition": {
      "typeReachable": "org.testcontainers.DockerClientFactory"
    },
    "name": "org.testcontainers.shaded.com.github.dockerjava.core.command.ListImagesCmdImpl",
    "allDeclaredFields": true
  },
  {
    "condition": {
      "typeReachable": "org.testcontainers.DockerClientFactory"
    },
    "name": "org.testcontainers.shaded.com.github.dockerjava.core.command.InspectServiceCmdImpl",
    "allDeclaredFields": true
  },
  {
    "condition": {
      "typeReachable": "org.testcontainers.DockerClientFactory"
    },
    "name": "org.testcontainers.shaded.com.github.dockerjava.core.command.InspectVolumeCmdImpl",
    "allDeclaredFields": true
  },
  {
    "condition": {
      "typeReachable": "org.testcontainers.DockerClientFactory"
    },
    "name": "org.testcontainers.shaded.com.github.dockerjava.core.command.ListSwarmNodesCmdImpl",
    "allDeclaredFields": true
  },
  {
    "condition": {
      "typeReachable": "org.testcontainers.DockerClientFactory"
    },
    "name": "org.testcontainers.shaded.com.github.dockerjava.core.command.LoadImageCmdImpl",
    "allDeclaredFields": true
  },
  {
    "condition": {
      "typeReachable": "org.testcontainers.DockerClientFactory"
    },
    "name": "org.testcontainers.shaded.com.github.dockerjava.core.command.InspectSwarmCmdImpl",
    "allDeclaredFields": true
  },
  {
    "condition": {
      "typeReachable": "org.testcontainers.DockerClientFactory"
    },
    "name": "org.testcontainers.shaded.com.github.dockerjava.core.command.ResizeExecCmdImpl",
    "allDeclaredFields": true
  },
  {
    "condition": {
      "typeReachable": "org.testcontainers.DockerClientFactory"
    },
    "name": "org.testcontainers.shaded.com.github.dockerjava.core.command.CreateImageCmdImpl",
    "allDeclaredFields": true
  },
  {
    "condition": {
      "typeReachable": "org.testcontainers.DockerClientFactory"
    },
    "name": "org.testcontainers.shaded.com.github.dockerjava.core.command.CreateVolumeCmdImpl",
    "allDeclaredFields": true
  },
  {
    "condition": {
      "typeReachable": "org.testcontainers.DockerClientFactory"
    },
    "name": "org.testcontainers.shaded.com.github.dockerjava.core.command.CommitCmdImpl",
    "allDeclaredFields": true
  },
  {
    "condition": {
      "typeReachable": "org.testcontainers.DockerClientFactory"
    },
    "name": "org.testcontainers.shaded.com.github.dockerjava.core.command.RemoveVolumeCmdImpl",
    "allDeclaredFields": true
  },
  {
    "condition": {
      "typeReachable": "org.testcontainers.DockerClientFactory"
    },
    "name": "org.testcontainers.shaded.com.github.dockerjava.core.command.AuthCmdImpl",
    "allDeclaredFields": true
  },
  {
    "condition": {
      "typeReachable": "org.testcontainers.DockerClientFactory"
    },
    "name": "com.github.dockerjava.api.model.NetworkSettings",
    "allDeclaredFields": true,
    "allDeclaredConstructors": true
  },
  {
    "condition": {
      "typeReachable": "org.testcontainers.DockerClientFactory"
    },
    "name": "com.github.dockerjava.api.model.Node",
    "allDeclaredFields": true,
    "allDeclaredConstructors": true
  },
  {
    "condition": {
      "typeReachable": "org.testcontainers.DockerClientFactory"
    },
    "name": "com.github.dockerjava.api.model.ServiceUpdateStatus",
    "allDeclaredFields": true,
    "allDeclaredConstructors": true
  },
  {
    "condition": {
      "typeReachable": "org.testcontainers.DockerClientFactory"
    },
    "name": "com.github.dockerjava.api.model.Link",
    "allDeclaredFields": true,
    "allDeclaredConstructors": true
  },
  {
    "condition": {
      "typeReachable": "org.testcontainers.DockerClientFactory"
    },
    "name": "com.github.dockerjava.api.command.InspectExecResponse$Container",
    "allDeclaredFields": true,
    "allDeclaredConstructors": true
  },
  {
    "condition": {
      "typeReachable": "org.testcontainers.DockerClientFactory"
    },
    "name": "com.github.dockerjava.api.model.SwarmOrchestration",
    "allDeclaredFields": true,
    "allDeclaredConstructors": true
  },
  {
    "condition": {
      "typeReachable": "org.testcontainers.DockerClientFactory"
    },
    "name": "com.github.dockerjava.api.model.ServiceReplicatedModeOptions",
    "allDeclaredFields": true,
    "allDeclaredConstructors": true
  },
  {
    "condition": {
      "typeReachable": "org.testcontainers.DockerClientFactory"
    },
    "name": "com.github.dockerjava.api.model.ServiceSpec",
    "allDeclaredFields": true,
    "allDeclaredConstructors": true
  },
  {
    "condition": {
      "typeReachable": "org.testcontainers.DockerClientFactory"
    },
    "name": "com.github.dockerjava.api.model.SwarmNodeSpec",
    "allDeclaredFields": true,
    "allDeclaredConstructors": true
  },
  {
    "condition": {
      "typeReachable": "org.testcontainers.DockerClientFactory"
    },
    "name": "com.github.dockerjava.api.model.NetworkAttachmentConfig",
    "allDeclaredFields": true,
    "allDeclaredConstructors": true
  },
  {
    "condition": {
      "typeReachable": "org.testcontainers.DockerClientFactory"
    },
    "name": "com.github.dockerjava.api.model.UpdateConfig",
    "allDeclaredFields": true,
    "allDeclaredConstructors": true
  },
  {
    "condition": {
      "typeReachable": "org.testcontainers.DockerClientFactory"
    },
    "name": "com.github.dockerjava.api.model.Ulimit",
    "allDeclaredFields": true,
    "allDeclaredConstructors": true
  },
  {
    "condition": {
      "typeReachable": "org.testcontainers.DockerClientFactory"
    },
    "name": "com.github.dockerjava.api.model.PidsStatsConfig",
    "allDeclaredFields": true,
    "allDeclaredConstructors": true
  },
  {
    "condition": {
      "typeReachable": "org.testcontainers.DockerClientFactory"
    },
    "name": "com.github.dockerjava.api.command.HealthStateLog",
    "allDeclaredFields": true,
    "allDeclaredConstructors": true
  },
  {
    "condition": {
      "typeReachable": "org.testcontainers.DockerClientFactory"
    },
    "name": "com.github.dockerjava.api.model.ResponseItem$AuxDetail",
    "allDeclaredFields": true,
    "allDeclaredConstructors": true
  },
  {
    "condition": {
      "typeReachable": "org.testcontainers.DockerClientFactory"
    },
    "name": "com.github.dockerjava.api.model.BlkioWeightDevice",
    "allDeclaredFields": true,
    "allDeclaredConstructors": true
  },
  {
    "condition": {
      "typeReachable": "org.testcontainers.DockerClientFactory"
    },
    "name": "com.github.dockerjava.api.model.ConfigSpec",
    "allDeclaredFields": true,
    "allDeclaredConstructors": true
  },
  {
    "condition": {
      "typeReachable": "org.testcontainers.DockerClientFactory"
    },
    "name": "com.github.dockerjava.api.model.AuthConfigurations",
    "allDeclaredFields": true,
    "allDeclaredConstructors": true
  },
  {
    "condition": {
      "typeReachable": "org.testcontainers.DockerClientFactory"
    },
    "name": "com.github.dockerjava.api.model.ContainerNetworkSettings",
    "allDeclaredFields": true,
    "allDeclaredConstructors": true
  },
  {
    "condition": {
      "typeReachable": "org.testcontainers.DockerClientFactory"
    },
    "name": "com.github.dockerjava.api.model.DeviceRequest",
    "allDeclaredFields": true,
    "allDeclaredConstructors": true
  },
  {
    "condition": {
      "typeReachable": "org.testcontainers.DockerClientFactory"
    },
    "name": "com.github.dockerjava.api.model.Secret",
    "allDeclaredFields": true,
    "allDeclaredConstructors": true
  },
  {
    "condition": {
      "typeReachable": "org.testcontainers.DockerClientFactory"
    },
    "name": "com.github.dockerjava.api.command.InspectContainerResponse$Mount",
    "allDeclaredFields": true,
    "allDeclaredConstructors": true
  },
  {
    "condition": {
      "typeReachable": "org.testcontainers.DockerClientFactory"
    },
    "name": "com.github.dockerjava.api.model.ContainerSpecPrivileges",
    "allDeclaredFields": true,
    "allDeclaredConstructors": true
  },
  {
    "condition": {
      "typeReachable": "org.testcontainers.DockerClientFactory"
    },
    "name": "com.github.dockerjava.api.command.TopContainerResponse",
    "allDeclaredFields": true,
    "allDeclaredConstructors": true
  },
  {
    "condition": {
      "typeReachable": "org.testcontainers.DockerClientFactory"
    },
    "name": "com.github.dockerjava.api.command.InspectExecResponse$ProcessConfig",
    "allDeclaredFields": true,
    "allDeclaredConstructors": true
  },
  {
    "condition": {
      "typeReachable": "org.testcontainers.DockerClientFactory"
    },
    "name": "com.github.dockerjava.api.model.SwarmNodeEngineDescription",
    "allDeclaredFields": true,
    "allDeclaredConstructors": true
  },
  {
    "condition": {
      "typeReachable": "org.testcontainers.DockerClientFactory"
    },
    "name": "com.github.dockerjava.api.model.ContainerNetwork$Ipam",
    "allDeclaredFields": true,
    "allDeclaredConstructors": true
  },
  {
    "condition": {
      "typeReachable": "org.testcontainers.DockerClientFactory"
    },
    "name": "com.github.dockerjava.api.model.ExternalCA",
    "allDeclaredFields": true,
    "allDeclaredConstructors": true
  },
  {
    "condition": {
      "typeReachable": "org.testcontainers.DockerClientFactory"
    },
    "name": "com.github.dockerjava.api.model.EventActor",
    "allDeclaredFields": true,
    "allDeclaredConstructors": true
  },
  {
    "condition": {
      "typeReachable": "org.testcontainers.DockerClientFactory"
    },
    "name": "com.github.dockerjava.api.model.Statistics",
    "allDeclaredFields": true,
    "allDeclaredConstructors": true
  },
  {
    "condition": {
      "typeReachable": "org.testcontainers.DockerClientFactory"
    },
    "name": "com.github.dockerjava.api.model.Endpoint",
    "allDeclaredFields": true,
    "allDeclaredConstructors": true
  },
  {
    "condition": {
      "typeReachable": "org.testcontainers.DockerClientFactory"
    },
    "name": "com.github.dockerjava.api.model.ContainerSpecSecret",
    "allDeclaredFields": true,
    "allDeclaredConstructors": true
  },
  {
    "condition": {
      "typeReachable": "org.testcontainers.DockerClientFactory"
    },
    "name": "com.github.dockerjava.api.model.SwarmNodePlatform",
    "allDeclaredFields": true,
    "allDeclaredConstructors": true
  },
  {
    "condition": {
      "typeReachable": "org.testcontainers.DockerClientFactory"
    },
    "name": "com.github.dockerjava.api.model.WaitResponse",
    "allDeclaredFields": true,
    "allDeclaredConstructors": true
  },
  {
    "condition": {
      "typeReachable": "org.testcontainers.DockerClientFactory"
    },
    "name": "com.github.dockerjava.api.model.InfoRegistryConfig$IndexConfig",
    "allDeclaredFields": true,
    "allDeclaredConstructors": true
  },
  {
    "condition": {
      "typeReachable": "org.testcontainers.DockerClientFactory"
    },
    "name": "com.github.dockerjava.api.model.ContainerMount",
    "allDeclaredFields": true,
    "allDeclaredConstructors": true
  },
  {
    "condition": {
      "typeReachable": "org.testcontainers.DockerClientFactory"
    },
    "name": "com.github.dockerjava.api.model.ResponseItem",
    "allDeclaredFields": true,
    "allDeclaredConstructors": true
  },
  {
    "condition": {
      "typeReachable": "org.testcontainers.DockerClientFactory"
    },
    "name": "com.github.dockerjava.api.model.ContainerSpecFile",
    "allDeclaredFields": true,
    "allDeclaredConstructors": true
  },
  {
    "condition": {
      "typeReachable": "org.testcontainers.DockerClientFactory"
    },
    "name": "com.github.dockerjava.api.model.Version",
    "allDeclaredFields": true,
    "allDeclaredConstructors": true
  },
  {
    "condition": {
      "typeReachable": "org.testcontainers.DockerClientFactory"
    },
    "name": "com.github.dockerjava.api.model.DriverStatus",
    "allDeclaredFields": true,
    "allDeclaredConstructors": true
  },
  {
    "condition": {
      "typeReachable": "org.testcontainers.DockerClientFactory"
    },
    "name": "com.github.dockerjava.api.model.SwarmVersion",
    "allDeclaredFields": true,
    "allDeclaredConstructors": true
  },
  {
    "condition": {
      "typeReachable": "org.testcontainers.DockerClientFactory"
    },
    "name": "com.github.dockerjava.api.command.CreateVolumeResponse",
    "allDeclaredFields": true,
    "allDeclaredConstructors": true
  },
  {
    "condition": {
      "typeReachable": "org.testcontainers.DockerClientFactory"
    },
    "name": "com.github.dockerjava.api.model.Device",
    "allDeclaredFields": true,
    "allDeclaredConstructors": true
  },
  {
    "condition": {
      "typeReachable": "org.testcontainers.DockerClientFactory"
    },
    "name": "com.github.dockerjava.api.model.ResourceSpecs",
    "allDeclaredFields": true,
    "allDeclaredConstructors": true
  },
  {
    "condition": {
      "typeReachable": "org.testcontainers.DockerClientFactory"
    },
    "name": "com.github.dockerjava.api.model.SwarmNodePluginDescription",
    "allDeclaredFields": true,
    "allDeclaredConstructors": true
  },
  {
    "condition": {
      "typeReachable": "org.testcontainers.DockerClientFactory"
    },
    "name": "com.github.dockerjava.api.model.ObjectVersion",
    "allDeclaredFields": true,
    "allDeclaredConstructors": true
  },
  {
    "condition": {
      "typeReachable": "org.testcontainers.DockerClientFactory"
    },
    "name": "com.github.dockerjava.api.model.ResourceVersion",
    "allDeclaredFields": true,
    "allDeclaredConstructors": true
  },
  {
    "condition": {
      "typeReachable": "org.testcontainers.DockerClientFactory"
    },
    "name": "com.github.dockerjava.api.command.CreateSecretResponse",
    "allDeclaredFields": true,
    "allDeclaredConstructors": true
  },
  {
    "condition": {
      "typeReachable": "org.testcontainers.DockerClientFactory"
    },
    "name": "com.github.dockerjava.api.model.ContainerConfig",
    "allDeclaredFields": true,
    "allDeclaredConstructors": true
  },
  {
    "condition": {
      "typeReachable": "org.testcontainers.DockerClientFactory"
    },
    "name": "com.github.dockerjava.api.command.InspectContainerResponse$Node",
    "allDeclaredFields": true,
    "allDeclaredConstructors": true
  },
  {
    "condition": {
      "typeReachable": "org.testcontainers.DockerClientFactory"
    },
    "name": "com.github.dockerjava.api.command.ExecCreateCmdResponse",
    "allDeclaredFields": true,
    "allDeclaredConstructors": true
  },
  {
    "condition": {
      "typeReachable": "org.testcontainers.DockerClientFactory"
    },
    "name": "com.github.dockerjava.api.model.TmpfsOptions",
    "allDeclaredFields": true,
    "allDeclaredConstructors": true
  },
  {
    "condition": {
      "typeReachable": "org.testcontainers.DockerClientFactory"
    },
    "name": "com.github.dockerjava.api.model.EndpointVirtualIP",
    "allDeclaredFields": true,
    "allDeclaredConstructors": true
  },
  {
    "condition": {
      "typeReachable": "org.testcontainers.DockerClientFactory"
    },
    "name": "com.github.dockerjava.api.model.HostConfig",
    "allDeclaredFields": true,
    "allDeclaredConstructors": true
  },
  {
    "condition": {
      "typeReachable": "org.testcontainers.DockerClientFactory"
    },
    "name": "com.github.dockerjava.api.model.StatisticNetworksConfig",
    "allDeclaredFields": true,
    "allDeclaredConstructors": true
  },
  {
    "condition": {
      "typeReachable": "org.testcontainers.DockerClientFactory"
    },
    "name": "com.github.dockerjava.api.model.SwarmNode",
    "allDeclaredFields": true,
    "allDeclaredConstructors": true
  },
  {
    "condition": {
      "typeReachable": "org.testcontainers.DockerClientFactory"
    },
    "name": "com.github.dockerjava.api.model.BlkioStatEntry",
    "allDeclaredFields": true,
    "allDeclaredConstructors": true
  },
  {
    "condition": {
      "typeReachable": "org.testcontainers.DockerClientFactory"
    },
    "name": "com.github.dockerjava.api.model.Service",
    "allDeclaredFields": true,
    "allDeclaredConstructors": true
  },
  {
    "condition": {
      "typeReachable": "org.testcontainers.DockerClientFactory"
    },
    "name": "com.github.dockerjava.api.model.ContainerHostConfig",
    "allDeclaredFields": true,
    "allDeclaredConstructors": true
  },
  {
    "condition": {
      "typeReachable": "org.testcontainers.DockerClientFactory"
    },
    "name": "com.github.dockerjava.api.command.InspectImageResponse",
    "allDeclaredFields": true,
    "allDeclaredConstructors": true
  },
  {
    "condition": {
      "typeReachable": "org.testcontainers.DockerClientFactory"
    },
    "name": "com.github.dockerjava.api.model.ThrottlingDataConfig",
    "allDeclaredFields": true,
    "allDeclaredConstructors": true
  },
  {
    "condition": {
      "typeReachable": "org.testcontainers.DockerClientFactory"
    },
    "name": "com.github.dockerjava.api.model.MemoryStatsConfig",
    "allDeclaredFields": true,
    "allDeclaredConstructors": true
  },
  {
    "condition": {
      "typeReachable": "org.testcontainers.DockerClientFactory"
    },
    "name": "com.github.dockerjava.api.command.InspectContainerResponse$ContainerState",
    "allDeclaredFields": true,
    "allDeclaredConstructors": true
  },
  {
    "condition": {
      "typeReachable": "org.testcontainers.DockerClientFactory"
    },
    "name": "com.github.dockerjava.api.command.HealthState",
    "allDeclaredFields": true,
    "allDeclaredConstructors": true
  },
  {
    "condition": {
      "typeReachable": "org.testcontainers.DockerClientFactory"
    },
    "name": "com.github.dockerjava.api.command.GraphData",
    "allDeclaredFields": true,
    "allDeclaredConstructors": true
  },
  {
    "condition": {
      "typeReachable": "org.testcontainers.DockerClientFactory"
    },
    "name": "com.github.dockerjava.api.command.InspectExecResponse",
    "allDeclaredFields": true,
    "allDeclaredConstructors": true
  },
  {
    "condition": {
      "typeReachable": "org.testcontainers.DockerClientFactory"
    },
    "name": "com.github.dockerjava.api.model.ClusterInfo",
    "allDeclaredFields": true,
    "allDeclaredConstructors": true
  },
  {
    "condition": {
      "typeReachable": "org.testcontainers.DockerClientFactory"
    },
    "name": "com.github.dockerjava.api.model.ErrorDetail",
    "allDeclaredFields": true,
    "allDeclaredConstructors": true
  },
  {
    "condition": {
      "typeReachable": "org.testcontainers.DockerClientFactory"
    },
    "name": "com.github.dockerjava.api.model.ServiceRestartPolicy",
    "allDeclaredFields": true,
    "allDeclaredConstructors": true
  },
  {
    "condition": {
      "typeReachable": "org.testcontainers.DockerClientFactory"
    },
    "name": "com.github.dockerjava.api.model.VersionPlatform",
    "allDeclaredFields": true,
    "allDeclaredConstructors": true
  },
  {
    "condition": {
      "typeReachable": "org.testcontainers.DockerClientFactory"
    },
    "name": "com.github.dockerjava.api.model.SwarmCAConfig",
    "allDeclaredFields": true,
    "allDeclaredConstructors": true
  },
  {
    "condition": {
      "typeReachable": "org.testcontainers.DockerClientFactory"
    },
    "name": "com.github.dockerjava.api.model.SwarmNodeResources",
    "allDeclaredFields": true,
    "allDeclaredConstructors": true
  },
  {
    "condition": {
      "typeReachable": "org.testcontainers.DockerClientFactory"
    },
    "name": "com.github.dockerjava.api.model.VolumeBind",
    "allDeclaredFields": true,
    "allDeclaredConstructors": true
  },
  {
    "condition": {
      "typeReachable": "org.testcontainers.DockerClientFactory"
    },
    "name": "com.github.dockerjava.api.model.Network",
    "allDeclaredFields": true,
    "allDeclaredConstructors": true
  },
  {
    "condition": {
      "typeReachable": "org.testcontainers.DockerClientFactory"
    },
    "name": "com.github.dockerjava.api.model.Network$Ipam",
    "allDeclaredFields": true,
    "allDeclaredConstructors": true
  },
  {
    "condition": {
      "typeReachable": "org.testcontainers.DockerClientFactory"
    },
    "name": "com.github.dockerjava.api.model.StatsConfig",
    "allDeclaredFields": true,
    "allDeclaredConstructors": true
  },
  {
    "condition": {
      "typeReachable": "org.testcontainers.DockerClientFactory"
    },
    "name": "com.github.dockerjava.api.model.TaskDefaults",
    "allDeclaredFields": true,
    "allDeclaredConstructors": true
  },
  {
    "condition": {
      "typeReachable": "org.testcontainers.DockerClientFactory"
    },
    "name": "com.github.dockerjava.api.model.SwarmNodeVersion",
    "allDeclaredFields": true,
    "allDeclaredConstructors": true
  },
  {
    "condition": {
      "typeReachable": "org.testcontainers.DockerClientFactory"
    },
    "name": "com.github.dockerjava.api.model.InfoRegistryConfig",
    "allDeclaredFields": true,
    "allDeclaredConstructors": true
  },
  {
    "condition": {
      "typeReachable": "org.testcontainers.DockerClientFactory"
    },
    "name": "com.github.dockerjava.api.model.ContainerNetwork",
    "allDeclaredFields": true,
    "allDeclaredConstructors": true
  },
  {
    "condition": {
      "typeReachable": "org.testcontainers.DockerClientFactory"
    },
    "name": "com.github.dockerjava.api.model.ResponseItem$ProgressDetail",
    "allDeclaredFields": true,
    "allDeclaredConstructors": true
  },
  {
    "condition": {
      "typeReachable": "org.testcontainers.DockerClientFactory"
    },
    "name": "com.github.dockerjava.api.model.Ports$Binding",
    "allDeclaredFields": true,
    "allDeclaredConstructors": true
  },
  {
    "condition": {
      "typeReachable": "org.testcontainers.DockerClientFactory"
    },
    "name": "com.github.dockerjava.api.command.CreateContainerResponse",
    "allDeclaredFields": true,
    "allDeclaredConstructors": true
  },
  {
    "condition": {
      "typeReachable": "org.testcontainers.DockerClientFactory"
    },
    "name": "com.github.dockerjava.api.model.Task",
    "allDeclaredFields": true,
    "allDeclaredConstructors": true
  },
  {
    "condition": {
      "typeReachable": "org.testcontainers.DockerClientFactory"
    },
    "name": "com.github.dockerjava.api.model.PortConfig",
    "allDeclaredFields": true,
    "allDeclaredConstructors": true
  },
  {
    "condition": {
      "typeReachable": "org.testcontainers.DockerClientFactory"
    },
    "name": "com.github.dockerjava.api.model.ServiceGlobalModeOptions",
    "allDeclaredFields": true,
    "allDeclaredConstructors": true
  },
  {
    "condition": {
      "typeReachable": "org.testcontainers.DockerClientFactory"
    },
    "name": "com.github.dockerjava.api.command.CreateImageResponse",
    "allDeclaredFields": true,
    "allDeclaredConstructors": true
  },
  {
    "condition": {
      "typeReachable": "org.testcontainers.DockerClientFactory"
    },
    "name": "com.github.dockerjava.api.model.Container",
    "allDeclaredFields": true,
    "allDeclaredConstructors": true
  },
  {
    "condition": {
      "typeReachable": "org.testcontainers.DockerClientFactory"
    },
    "name": "com.github.dockerjava.api.command.CreateConfigResponse",
    "allDeclaredFields": true,
    "allDeclaredConstructors": true
  },
  {
    "condition": {
      "typeReachable": "org.testcontainers.DockerClientFactory"
    },
    "name": "com.github.dockerjava.api.model.SwarmSpec",
    "allDeclaredFields": true,
    "allDeclaredConstructors": true
  },
  {
    "condition": {
      "typeReachable": "org.testcontainers.DockerClientFactory"
    },
    "name": "com.github.dockerjava.api.model.SwarmNodeStatus",
    "allDeclaredFields": true,
    "allDeclaredConstructors": true
  },
  {
    "condition": {
      "typeReachable": "org.testcontainers.DockerClientFactory"
    },
    "name": "com.github.dockerjava.api.model.PeerNode",
    "allDeclaredFields": true,
    "allDeclaredConstructors": true
  },
  {
    "condition": {
      "typeReachable": "org.testcontainers.DockerClientFactory"
    },
    "name": "com.github.dockerjava.api.model.SwarmJoinTokens",
    "allDeclaredFields": true,
    "allDeclaredConstructors": true
  },
  {
    "condition": {
      "typeReachable": "org.testcontainers.DockerClientFactory"
    },
    "name": "com.github.dockerjava.api.model.Mount",
    "allDeclaredFields": true,
    "allDeclaredConstructors": true
  },
  {
    "condition": {
      "typeReachable": "org.testcontainers.DockerClientFactory"
    },
    "name": "com.github.dockerjava.api.model.SecretSpec",
    "allDeclaredFields": true,
    "allDeclaredConstructors": true
  },
  {
    "condition": {
      "typeReachable": "org.testcontainers.DockerClientFactory"
    },
    "name": "com.github.dockerjava.api.model.TaskSpec",
    "allDeclaredFields": true,
    "allDeclaredConstructors": true
  },
  {
    "condition": {
      "typeReachable": "org.testcontainers.DockerClientFactory"
    },
    "name": "com.github.dockerjava.api.command.CreateNetworkResponse",
    "allDeclaredFields": true,
    "allDeclaredConstructors": true
  },
  {
    "condition": {
      "typeReachable": "org.testcontainers.DockerClientFactory"
    },
    "name": "com.github.dockerjava.api.command.ListVolumesResponse",
    "allDeclaredFields": true,
    "allDeclaredConstructors": true
  },
  {
    "condition": {
      "typeReachable": "org.testcontainers.DockerClientFactory"
    },
    "name": "com.github.dockerjava.api.model.ServicePlacement",
    "allDeclaredFields": true,
    "allDeclaredConstructors": true
  },
  {
    "condition": {
      "typeReachable": "org.testcontainers.DockerClientFactory"
    },
    "name": "com.github.dockerjava.api.model.SwarmDispatcherConfig",
    "allDeclaredFields": true,
    "allDeclaredConstructors": true
  },
  {
    "condition": {
      "typeReachable": "org.testcontainers.DockerClientFactory"
    },
    "name": "com.github.dockerjava.api.model.Network$ContainerNetworkConfig",
    "allDeclaredFields": true,
    "allDeclaredConstructors": true
  },
  {
    "condition": {
      "typeReachable": "org.testcontainers.DockerClientFactory"
    },
    "name": "com.github.dockerjava.api.model.PortBinding",
    "allDeclaredFields": true,
    "allDeclaredConstructors": true
  },
  {
    "condition": {
      "typeReachable": "org.testcontainers.DockerClientFactory"
    },
    "name": "com.github.dockerjava.api.model.Identifier",
    "allDeclaredFields": true,
    "allDeclaredConstructors": true
  },
  {
    "condition": {
      "typeReachable": "org.testcontainers.DockerClientFactory"
    },
    "name": "com.github.dockerjava.api.model.BlkioStatsConfig",
    "allDeclaredFields": true,
    "allDeclaredConstructors": true
  },
  {
    "condition": {
      "typeReachable": "org.testcontainers.DockerClientFactory"
    },
    "name": "com.github.dockerjava.api.model.ResourceRequirements",
    "allDeclaredFields": true,
    "allDeclaredConstructors": true
  },
  {
    "condition": {
      "typeReachable": "org.testcontainers.DockerClientFactory"
    },
    "name": "com.github.dockerjava.api.model.ResponseItem$ErrorDetail",
    "allDeclaredFields": true,
    "allDeclaredConstructors": true
  },
  {
    "condition": {
      "typeReachable": "org.testcontainers.DockerClientFactory"
    },
    "name": "com.github.dockerjava.api.model.SwarmNodeManagerStatus",
    "allDeclaredFields": true,
    "allDeclaredConstructors": true
  },
  {
    "condition": {
      "typeReachable": "org.testcontainers.DockerClientFactory"
    },
    "name": "com.github.dockerjava.api.model.Network$Ipam$Config",
    "allDeclaredFields": true,
    "allDeclaredConstructors": true
  },
  {
    "condition": {
      "typeReachable": "org.testcontainers.DockerClientFactory"
    },
    "name": "com.github.dockerjava.api.model.SwarmNodeDescription",
    "allDeclaredFields": true,
    "allDeclaredConstructors": true
  },
  {
    "condition": {
      "typeReachable": "org.testcontainers.DockerClientFactory"
    },
    "name": "com.github.dockerjava.api.model.SearchItem",
    "allDeclaredFields": true,
    "allDeclaredConstructors": true
  },
  {
    "condition": {
      "typeReachable": "org.testcontainers.DockerClientFactory"
    },
    "name": "com.github.dockerjava.api.model.EndpointSpec",
    "allDeclaredFields": true,
    "allDeclaredConstructors": true
  },
  {
    "condition": {
      "typeReachable": "org.testcontainers.DockerClientFactory"
    },
    "name": "com.github.dockerjava.api.model.RestartPolicy",
    "allDeclaredFields": true,
    "allDeclaredConstructors": true
  },
  {
    "condition": {
      "typeReachable": "org.testcontainers.DockerClientFactory"
    },
    "name": "com.github.dockerjava.api.command.InspectContainerResponse",
    "allDeclaredFields": true,
    "allDeclaredConstructors": true
  },
  {
    "condition": {
      "typeReachable": "org.testcontainers.DockerClientFactory"
    },
    "name": "com.github.dockerjava.api.command.InspectVolumeResponse",
    "allDeclaredFields": true,
    "allDeclaredConstructors": true
  },
  {
    "condition": {
      "typeReachable": "org.testcontainers.DockerClientFactory"
    },
    "name": "com.github.dockerjava.api.model.TaskStatus",
    "allDeclaredFields": true,
    "allDeclaredConstructors": true
  },
  {
    "condition": {
      "typeReachable": "org.testcontainers.DockerClientFactory"
    },
    "name": "com.github.dockerjava.api.model.HealthCheck",
    "allDeclaredFields": true,
    "allDeclaredConstructors": true
  },
  {
    "condition": {
      "typeReachable": "org.testcontainers.DockerClientFactory"
    },
    "name": "com.github.dockerjava.api.model.Config",
    "allDeclaredFields": true,
    "allDeclaredConstructors": true
  },
  {
    "condition": {
      "typeReachable": "org.testcontainers.DockerClientFactory"
    },
    "name": "com.github.dockerjava.api.model.ContainerPort",
    "allDeclaredFields": true,
    "allDeclaredConstructors": true
  },
  {
    "condition": {
      "typeReachable": "org.testcontainers.DockerClientFactory"
    },
    "name": "com.github.dockerjava.api.model.Repository",
    "allDeclaredFields": true,
    "allDeclaredConstructors": true
  },
  {
    "condition": {
      "typeReachable": "org.testcontainers.DockerClientFactory"
    },
    "name": "com.github.dockerjava.api.model.SwarmInfo",
    "allDeclaredFields": true,
    "allDeclaredConstructors": true
  },
  {
    "condition": {
      "typeReachable": "org.testcontainers.DockerClientFactory"
    },
    "name": "com.github.dockerjava.api.command.CreateServiceResponse",
    "allDeclaredFields": true,
    "allDeclaredConstructors": true
  },
  {
    "condition": {
      "typeReachable": "org.testcontainers.DockerClientFactory"
    },
    "name": "com.github.dockerjava.api.model.Info",
    "allDeclaredFields": true,
    "allDeclaredConstructors": true
  },
  {
    "condition": {
      "typeReachable": "org.testcontainers.DockerClientFactory"
    },
    "name": "com.github.dockerjava.api.model.Bind",
    "allDeclaredFields": true,
    "allDeclaredConstructors": true
  },
  {
    "condition": {
      "typeReachable": "org.testcontainers.DockerClientFactory"
    },
    "name": "com.github.dockerjava.api.model.ChangeLog",
    "allDeclaredFields": true,
    "allDeclaredConstructors": true
  },
  {
    "condition": {
      "typeReachable": "org.testcontainers.DockerClientFactory"
    },
    "name": "com.github.dockerjava.api.model.VolumeOptions",
    "allDeclaredFields": true,
    "allDeclaredConstructors": true
  },
  {
    "condition": {
      "typeReachable": "org.testcontainers.DockerClientFactory"
    },
    "name": "com.github.dockerjava.api.model.ServiceModeConfig",
    "allDeclaredFields": true,
    "allDeclaredConstructors": true
  },
  {
    "condition": {
      "typeReachable": "org.testcontainers.DockerClientFactory"
    },
    "name": "com.github.dockerjava.api.model.VersionComponent",
    "allDeclaredFields": true,
    "allDeclaredConstructors": true
  },
  {
    "condition": {
      "typeReachable": "org.testcontainers.DockerClientFactory"
    },
    "name": "com.github.dockerjava.api.model.TaskStatusContainerStatus",
    "allDeclaredFields": true,
    "allDeclaredConstructors": true
  },
  {
    "condition": {
      "typeReachable": "org.testcontainers.DockerClientFactory"
    },
    "name": "com.github.dockerjava.api.command.GraphDriver",
    "allDeclaredFields": true,
    "allDeclaredConstructors": true
  },
  {
    "condition": {
      "typeReachable": "org.testcontainers.DockerClientFactory"
    },
    "name": "com.github.dockerjava.api.model.Frame",
    "allDeclaredFields": true,
    "allDeclaredConstructors": true
  },
  {
    "condition": {
      "typeReachable": "org.testcontainers.DockerClientFactory"
    },
    "name": "com.github.dockerjava.api.model.BindOptions",
    "allDeclaredFields": true,
    "allDeclaredConstructors": true
  },
  {
    "condition": {
      "typeReachable": "org.testcontainers.DockerClientFactory"
    },
    "name": "com.github.dockerjava.api.command.RootFS",
    "allDeclaredFields": true,
    "allDeclaredConstructors": true
  },
  {
    "condition": {
      "typeReachable": "org.testcontainers.DockerClientFactory"
    },
    "name": "com.github.dockerjava.api.model.Driver",
    "allDeclaredFields": true,
    "allDeclaredConstructors": true
  },
  {
    "condition": {
      "typeReachable": "org.testcontainers.DockerClientFactory"
    },
    "name": "com.github.dockerjava.api.model.AuthConfig",
    "allDeclaredFields": true,
    "allDeclaredConstructors": true
  },
  {
    "condition": {
      "typeReachable": "org.testcontainers.DockerClientFactory"
    },
    "name": "com.github.dockerjava.api.model.BlkioRateDevice",
    "allDeclaredFields": true,
    "allDeclaredConstructors": true
  },
  {
    "condition": {
      "typeReachable": "org.testcontainers.DockerClientFactory"
    },
    "name": "com.github.dockerjava.api.model.Event",
    "allDeclaredFields": true,
    "allDeclaredConstructors": true
  },
  {
    "condition": {
      "typeReachable": "org.testcontainers.DockerClientFactory"
    },
    "name": "com.github.dockerjava.api.model.ContainerSpecPrivilegesSELinuxContext",
    "allDeclaredFields": true,
    "allDeclaredConstructors": true
  },
  {
    "condition": {
      "typeReachable": "org.testcontainers.DockerClientFactory"
    },
    "name": "com.github.dockerjava.api.model.LogConfig",
    "allDeclaredFields": true,
    "allDeclaredConstructors": true
  },
  {
    "condition": {
      "typeReachable": "org.testcontainers.DockerClientFactory"
    },
    "name": "com.github.dockerjava.api.model.CpuUsageConfig",
    "allDeclaredFields": true,
    "allDeclaredConstructors": true
  },
  {
    "condition": {
      "typeReachable": "org.testcontainers.DockerClientFactory"
    },
    "name": "com.github.dockerjava.api.model.ContainerDNSConfig",
    "allDeclaredFields": true,
    "allDeclaredConstructors": true
  },
  {
    "condition": {
      "typeReachable": "org.testcontainers.DockerClientFactory"
    },
    "name": "com.github.dockerjava.api.model.CpuStatsConfig",
    "allDeclaredFields": true,
    "allDeclaredConstructors": true
  },
  {
    "condition": {
      "typeReachable": "org.testcontainers.DockerClientFactory"
    },
    "name": "com.github.dockerjava.api.model.AuthResponse",
    "allDeclaredFields": true,
    "allDeclaredConstructors": true
  },
  {
    "condition": {
      "typeReachable": "org.testcontainers.DockerClientFactory"
    },
    "name": "com.github.dockerjava.api.model.Image",
    "allDeclaredFields": true,
    "allDeclaredConstructors": true
  },
  {
    "condition": {
      "typeReachable": "org.testcontainers.DockerClientFactory"
    },
    "name": "com.github.dockerjava.api.model.ContainerSpec",
    "allDeclaredFields": true,
    "allDeclaredConstructors": true
  },
  {
    "condition": {
      "typeReachable": "org.testcontainers.DockerClientFactory"
    },
    "name": "com.github.dockerjava.api.model.SwarmRaftConfig",
    "allDeclaredFields": true,
    "allDeclaredConstructors": true
  },
  {
    "condition": {
      "typeReachable": "org.testcontainers.DockerClientFactory"
    },
    "name": "com.github.dockerjava.api.model.ContainerSpecPrivilegesCredential",
    "allDeclaredFields": true,
    "allDeclaredConstructors": true
  },
  {
    "condition": {
      "typeReachable": "org.testcontainers.DockerClientFactory"
    },
    "name": "com.github.dockerjava.api.model.ContainerSpecConfig",
    "allDeclaredFields": true,
    "allDeclaredConstructors": true
  },
  {
    "condition": {
      "typeReachable": "org.testcontainers.DockerClientFactory"
    },
    "name": "com.github.dockerjava.api.model.LxcConf",
    "allDeclaredFields": true,
    "allDeclaredConstructors": true
  },
  {
    "condition": {
      "typeReachable": "org.testcontainers.DockerClientFactory"
    },
    "name": "com.github.dockerjava.api.model.PruneResponse",
    "allDeclaredFields": true,
    "allDeclaredConstructors": true
  },
  {
    "condition": {
      "typeReachable": "org.testcontainers.DockerClientFactory"
    },
    "name": "com.github.dockerjava.api.model.NamedResourceSpec",
    "allDeclaredFields": true,
    "allDeclaredConstructors": true
  },
  {
    "condition": {
      "typeReachable": "org.testcontainers.DockerClientFactory"
    },
    "name": "com.github.dockerjava.api.model.DiscreteResourceSpec",
    "allDeclaredFields": true,
    "allDeclaredConstructors": true
  },
  {
    "condition": {
      "typeReachable": "org.testcontainers.DockerClientFactory"
    },
    "name": "com.github.dockerjava.api.model.BuildResponseItem",
    "allDeclaredFields": true,
    "allDeclaredConstructors": true
  },
  {
    "condition": {
      "typeReachable": "org.testcontainers.DockerClientFactory"
    },
    "name": "com.github.dockerjava.api.model.PullResponseItem",
    "allDeclaredFields": true,
    "allDeclaredConstructors": true
  },
  {
    "condition": {
      "typeReachable": "org.testcontainers.DockerClientFactory"
    },
    "name": "com.github.dockerjava.api.model.PushResponseItem",
    "allDeclaredFields": true,
    "allDeclaredConstructors": true
  },
  {
    "condition": {
      "typeReachable": "org.testcontainers.DockerClientFactory"
    },
    "name": "com.github.dockerjava.api.model.UpdateContainerResponse",
    "allDeclaredFields": true,
    "allDeclaredConstructors": true
  },
  {
    "condition": {
      "typeReachable": "org.testcontainers.DockerClientFactory"
    },
    "name": "com.github.dockerjava.api.model.Swarm",
    "allDeclaredFields": true,
    "allDeclaredConstructors": true
  },
  {
    "condition": {
      "typeReachable": "org.testcontainers.shaded.org.awaitility.core.ConditionFactory"
    },
    "name": "org.testcontainers.shaded.org.hamcrest.TypeSafeMatcher",
    "allDeclaredMethods": true
  }
]
