[
  {
    "directory": "org.example/library",
    "module": "org.example:library"
  },
  {
    "directory": "org.jline/jline",
    "module": "org.jline:jline"
  },
  {
    "module": "org.jline:jline-terminal",
    "requires": [
      "org.jline:jline"
    ]
  },
  {
    "module": "org.jline:jline-console",
    "requires": [
      "org.jline:jline"
    ]
  },
  {
    "directory": "com.h2database/h2",
    "module": "com.h2database:h2"
  },
  {
    "directory": "org.opengauss/opengauss-jdbc",
    "module": "org.opengauss:opengauss-jdbc"
  },
  {
    "directory": "org.hdrhistogram/HdrHistogram",
    "module": "org.hdrhistogram:HdrHistogram"
  },
  {
    "directory": "org.hibernate.orm/hibernate-core",
    "module": "org.hibernate.orm:hibernate-core"
  },
  {
    "directory": "org.hibernate.orm/hibernate-envers",
    "module": "org.hibernate.orm:hibernate-envers",
    "requires": [
      "org.hibernate.orm:hibernate-core"
    ]
  },
  {
    "directory": "org.hibernate.validator/hibernate-validator",
    "module": "org.hibernate.validator:hibernate-validator"
  },
  {
    "directory": "org.apache.tomcat.embed/tomcat-embed-core",
    "module": "org.apache.tomcat.embed:tomcat-embed-core"
  },
  {
    "directory": "com.google.protobuf/protobuf-java-util",
    "module": "com.google.protobuf:protobuf-java-util"
  },
  {
    "directory": "io.grpc/grpc-netty",
    "module": "io.grpc:grpc-netty"
  },
  {
    "directory": "io.netty/netty-common",
    "module": "io.netty:netty-common"
  },
  {
    "directory": "io.netty/netty-transport",
    "module": "io.netty:netty-transport"
  },
  {
    "directory": "mysql/mysql-connector-java",
    "module": "mysql:mysql-connector-java"
  },
  {
    "directory": "com.mysql/mysql-connector-j",
    "module": "com.mysql:mysql-connector-j"
  },
  {
    "directory": "org.postgresql/postgresql",
    "module": "org.postgresql:postgresql"
  },
  {
    "directory": "org.apache.commons/commons-pool2",
    "module": "org.apache.commons:commons-pool2"
  },
  {
    "directory": "ch.qos.logback/logback-classic",
    "module": "ch.qos.logback:logback-classic"
  },
  {
    "directory": "com.zaxxer/HikariCP",
    "module": "com.zaxxer:HikariCP"
  },
  {
    "directory": "com.github.ben-manes.caffeine/caffeine",
    "module": "com.github.ben-manes.caffeine:caffeine"
  },
  {
    "directory": "org.jetbrains.kotlin/kotlin-reflect",
    "module": "org.jetbrains.kotlin:kotlin-reflect"
  },
  {
    "directory": "com.hazelcast/hazelcast",
    "module": "com.hazelcast:hazelcast"
  },
  {
    "directory": "org.quartz-scheduler/quartz",
    "module": "org.quartz-scheduler:quartz"
  },
  {
    "directory": "org.mariadb.jdbc/mariadb-java-client",
    "module": "org.mariadb.jdbc:mariadb-java-client"
  },
  {
    "directory": "org.flywaydb/flyway-core",
    "module": "org.flywaydb:flyway-core"
  },
  {
    "directory": "javax.cache/cache-api",
    "module": "javax.cache:cache-api"
  },
  {
    "directory": "com.sun.mail/jakarta.mail",
    "module": "com.sun.mail:jakarta.mail"
  },
  {
    "directory": "org.glassfish.jaxb/jaxb-runtime",
    "module": "org.glassfish.jaxb:jaxb-runtime"
  },
  {
    "directory": "org.thymeleaf/thymeleaf",
    "module": "org.thymeleaf:thymeleaf"
  },
  {
    "directory": "org.thymeleaf/thymeleaf-spring6",
    "module": "org.thymeleaf:thymeleaf-spring6"
  },
  {
    "directory": "org.freemarker/freemarker",
    "module": "org.freemarker:freemarker"
  },
  {
    "directory": "com.ecwid.consul/consul-api",
    "module": "com.ecwid.consul:consul-api"
  },
  {
    "directory": "io.undertow/undertow-core",
    "module": "io.undertow:undertow-core"
  },
  {
    "directory": "org.thymeleaf.extras/thymeleaf-extras-springsecurity6",
    "module": "org.thymeleaf.extras:thymeleaf-extras-springsecurity6"
  },
  {
    "directory": "org.eclipse.jetty/jetty-server",
    "module": "org.eclipse.jetty:jetty-server"
  },
  {
    "directory": "org.liquibase/liquibase-core",
    "module": "org.liquibase:liquibase-core"
  },
  {
    "directory": "org.jboss.logging/jboss-logging",
    "module": "org.jboss.logging:jboss-logging"
  },
  {
    "directory": "com.graphql-java/graphql-java",
    "module": "com.graphql-java:graphql-java"
  },
  {
    "directory": "io.jsonwebtoken/jjwt-jackson",
    "module": "io.jsonwebtoken:jjwt-jackson"
  },
  {
    "directory": "io.jsonwebtoken/jjwt-orgjson",
    "module": "io.jsonwebtoken:jjwt-orgjson"
  },
  {
    "directory": "io.jsonwebtoken/jjwt-gson",
    "module": "io.jsonwebtoken:jjwt-gson"
  },
  {
    "directory": "net.java.dev.jna/jna",
    "module": "net.java.dev.jna:jna"
  },
  {
    "directory": "com.github.luben/zstd-jni",
    "module": "com.github.luben:zstd-jni"
  },
  {
    "directory": "org.testcontainers/testcontainers",
    "module": "org.testcontainers:testcontainers"
  },
  {
    "directory": "org.ehcache/ehcache",
    "module": "org.ehcache:ehcache"
  },
  {
    "directory": "org.mockito/mockito-core",
    "module": "org.mockito:mockito-core"
  },
  {
    "directory": "org.eclipse.jetty/jetty-client",
    "module": "org.eclipse.jetty:jetty-client"
  }
]
