{
  "resources": {
    "includes": [
      {
        "pattern": "\\Qorg/quartz/impl/jdbcjobstore/tables_\\E.*\\Q.sql\\E"
      },
      {
        "pattern": "\\Qquartz.properties\\E",
        "condition": {
          "typeReachable": "org.quartz.impl.StdSchedulerFactory"
        }
      },
      {
        "pattern": "\\Qorg/quartz/quartz.properties\\E",
        "condition": {
          "typeReachable": "org.quartz.impl.StdSchedulerFactory"
        }
      },
      {
        "pattern": "\\Qorg/quartz/core/quartz-build.properties\\E",
        "condition": {
          "typeReachable": "org.quartz.impl.StdSchedulerFactory"
        }
      }
    ]
  }
}
